"","num_sujet","FB_int","essai_tot","meanMvt","mvtMedian","stdDev_Mvt","LogmedianERD"
"1",0,"1",1,0.2225,0.215,0.233823295104088,-0.120964467001156
"2",0,"1",2,0.09875,0.01,0.164959591011455,0.00399446749482384
"3",0,"1",3,0.039375,0,0.0890294894964584,0.209207603170513
"4",0,"1",4,0.031875,0,0.0886354895061792,0.125617990360705
"5",0,"1",5,0.02375,0,0.095,0.228089324188858
"6",0,"1",6,0.391875,0.295,0.259080907568788,-0.169696436389439
"7",0,"1",7,0.16625,0,0.21972331085557,0.0606738988774922
"8",0,"1",8,0.108125,0,0.146525026303814,0.0320328715328334
"9",0,"1",9,0.05875,0,0.150593271208688,0.128312282739695
"10",0,"1",10,0.066875,0,0.147906220288398,0.118562643943129
"11",0,"2",1,0.835625,0.865,0.189735561593849,-0.51044000373538
"12",0,"2",2,0.58125,0.65,0.308131465449408,-0.355420949584111
"13",0,"2",3,0.256875,0.22,0.283236503061782,-0.11084230433228
"14",0,"2",4,0.2125,0.1,0.253390344462189,-0.0475879269750189
"15",0,"2",5,0.205625,0.115,0.241660057380886,-0.0548983672597055
"16",0,"2",6,0.43375,0.495,0.269242765300512,-0.260445037950297
"17",0,"2",7,0.3225,0.245,0.348836160205141,-0.121008521153347
"18",0,"2",8,0.256875,0.305,0.266776279555236,-0.150799589917672
"19",0,"2",9,0.241875,0.15,0.260005608913859,-0.072471740171131
"20",0,"2",10,0.253125,0.08,0.32499679485599,-0.037637481137256
"21",0,"4",1,0.9225,1.04,0.200980927785035,-0.468595745235563
"22",0,"4",2,0.833125,0.965,0.301722140387476,-0.384495388532731
"23",0,"4",3,0.665,0.665,0.366715148309966,-0.248253487374135
"24",0,"4",4,0.68375,0.705,0.301858134449502,-0.264236823732363
"25",0,"4",5,0.72625,0.885,0.400314459727183,-0.34721322483477
"26",0,"4",6,0.85,0.935,0.27863955210989,-0.370763637267265
"27",0,"4",7,0.491875,0.52,0.363615524971088,-0.187210817410311
"28",0,"4",8,0.38125,0.31,0.321161952914725,-0.109122958383345
"29",0,"4",9,0.318125,0.24,0.314498940114801,-0.0821685651599177
"30",0,"4",10,0.41875,0.46,0.358196873241518,-0.164946956404808
"31",1,"1",1,0,0,0,0.573086612516367
"32",1,"1",2,0,0,0,0.760937450689469
"33",1,"1",3,0,0,0,0.841758226566903
"34",1,"1",4,0,0,0,0.724231937155462
"35",1,"1",5,0,0,0,0.745700920626897
"36",1,"1",6,0,0,0,0.677271199119261
"37",1,"1",7,0,0,0,0.908405873200282
"38",1,"1",8,0,0,0,0.667634245913902
"39",1,"1",9,0,0,0,0.579754647547215
"40",1,"1",10,0,0,0,0.645305420546253
"41",1,"2",1,0.03125,0,0.067811011888434,0.285278891703736
"42",1,"2",2,0.039375,0,0.0804544384522486,0.323224443804478
"43",1,"2",3,0,0,0,0.723994012848613
"44",1,"2",4,0,0,0,0.678099170671621
"45",1,"2",5,0.01,0,0.04,0.435445776507688
"46",1,"2",6,0,0,0,0.646503977900265
"47",1,"2",7,0.01,0,0.0233809038890002,0.284657591007767
"48",1,"2",8,0.0175,0,0.0380350715349224,0.348940456351106
"49",1,"2",9,0.02375,0,0.0702258262085016,0.238091550490443
"50",1,"2",10,0.000625,0,0.0025,0.513370078998894
"51",1,"4",1,0.194375,0.095,0.252163141636521,-0.0589264205721181
"52",1,"4",2,0.266875,0.275,0.264668818211238,-0.173538154522594
"53",1,"4",3,0.348125,0.39,0.308549698860113,-0.259070892651052
"54",1,"4",4,0.43625,0.505,0.34095698653447,-0.34480330493642
"55",1,"4",5,0.476875,0.54,0.345653366828677,-0.37933531941451
"56",1,"4",6,0.625,0.685,0.230622346416532,-0.508834125993811
"57",1,"4",7,0.531875,0.59,0.306968375135507,-0.418829290636952
"58",1,"4",8,0.41875,0.46,0.306656702736681,-0.312868677486435
"59",1,"4",9,0.45625,0.6,0.388087189516308,-0.429591290726063
"60",1,"4",10,0.43,0.44,0.35821781083581,-0.29815367612636
"61",2,"1",1,0,0,0,0.603580361946173
"62",2,"1",2,0,0,0,0.638833309235676
"63",2,"1",3,0,0,0,0.633321397932649
"64",2,"1",4,0,0,0,0.729751048012411
"65",2,"1",5,0,0,0,0.831692194665744
"66",2,"1",6,0,0,0,0.617523826997881
"67",2,"1",7,0,0,0,0.50996804703474
"68",2,"1",8,0,0,0,0.580644051786572
"69",2,"1",9,0,0,0,0.727011849412666
"70",2,"1",10,0,0,0,0.802111262756314
"71",2,"2",1,0,0,0,0.782754300171582
"72",2,"2",2,0,0,0,0.823893858904483
"73",2,"2",3,0,0,0,0.86675556851204
"74",2,"2",4,0,0,0,0.73945990397043
"75",2,"2",5,0,0,0,0.843313775562615
"76",2,"2",6,0,0,0,0.837309615524163
"77",2,"2",7,0,0,0,1.03321645622641
"78",2,"2",8,0,0,0,0.935429329613208
"79",2,"2",9,0,0,0,1.01515084144336
"80",2,"2",10,0,0,0,0.793699495098504
"81",2,"4",1,0,0,0,0.475599793290685
"82",2,"4",2,0,0,0,0.731973360363761
"83",2,"4",3,0,0,0,0.717645732483573
"84",2,"4",4,0,0,0,0.692012106292676
"85",2,"4",5,0,0,0,0.780487537819799
"86",2,"4",6,0,0,0,0.837979297387831
"87",2,"4",7,0,0,0,0.721655520780063
"88",2,"4",8,0,0,0,0.699935110517715
"89",2,"4",9,0,0,0,1.0144734416786
"90",2,"4",10,0,0,0,0.59867091773162
"91",3,"1",1,0.69125,0.87,0.400164549487666,-0.243588680237289
"92",3,"1",2,0.179375,0,0.282594379514762,0.247349026473181
"93",3,"1",3,0.480625,0.46,0.436416754184957,-0.121428259503872
"94",3,"1",4,0.296875,0,0.41802262697929,0.0320673374221675
"95",3,"1",5,0.14875,0,0.310867066980942,0.41411986123114
"96",3,"1",6,0.399375,0.1,0.466282728967451,-0.00406751348202508
"97",3,"1",7,0.39125,0.145,0.456229109110762,0.00330936252264457
"98",3,"1",8,0.11375,0,0.295970156153173,0.257168913505477
"99",3,"1",9,0.308125,0,0.437282803229215,0.264007851908277
"100",3,"1",10,0.35875,0.045,0.455,-0.00983092430581114
"101",3,"2",1,0.558125,0.655,0.457445351927419,-0.18716471915234
"102",3,"2",2,0.586875,0.805,0.457379765621524,-0.23318092202936
"103",3,"2",3,0.22125,0,0.398361226359527,0.312407217737688
"104",3,"2",4,0.211875,0,0.381806560970343,0.464383656684245
"105",3,"2",5,0.081875,0,0.25675458450954,0.959825600313339
"106",3,"2",6,0.460625,0.455,0.427386924616715,-0.124783777050783
"107",3,"2",7,0.333125,0,0.421722163673352,0.300933296435862
"108",3,"2",8,0.035,0,0.129717642079505,0.572238926732724
"109",3,"2",9,0.155625,0,0.324858302443799,0.228689864350965
"110",3,"2",10,0,0,0,1.1362485472707
"111",3,"4",1,0.651875,1.04,0.488797418842067,-0.36393447631725
"112",3,"4",2,0.805625,1.04,0.379560601221992,-0.346774120573875
"113",3,"4",3,0.655625,0.85,0.432388232186461,-0.235703973219206
"114",3,"4",4,0.558125,0.7,0.472697489592093,-0.190932596383646
"115",3,"4",5,0.28125,0,0.453150085512515,0.0461072803653852
"116",3,"4",6,0.499375,0.405,0.461265921134436,-0.105967610284291
"117",3,"4",7,0.5375,0.515,0.441927595879687,-0.136829546485328
"118",3,"4",8,0.2675,0,0.395685059948776,0.068359216285247
"119",3,"4",9,0.578125,0.71,0.48184670798917,-0.194190434606012
"120",3,"4",10,0.60375,1.04,0.513184502234171,-0.325201343409465
"121",4,"1",1,0,0,0,0.544261149935265
"122",4,"1",2,0,0,0,0.659689773127196
"123",4,"1",3,0,0,0,0.638512883908142
"124",4,"1",4,0,0,0,0.771870232691821
"125",4,"1",5,0,0,0,0.765503666285855
"126",4,"1",6,0,0,0,0.528109001807559
"127",4,"1",7,0,0,0,0.540190126447099
"128",4,"1",8,0,0,0,0.644944925961654
"129",4,"1",9,0,0,0,0.675964636270431
"130",4,"1",10,0,0,0,0.848068644561101
"131",4,"2",1,0,0,0,0.830464359089598
"132",4,"2",2,0,0,0,0.916458441730334
"133",4,"2",3,0,0,0,0.835096442300748
"134",4,"2",4,0,0,0,0.95841178888376
"135",4,"2",5,0,0,0,0.831479716815666
"136",4,"2",6,0,0,0,0.908846713761061
"137",4,"2",7,0,0,0,0.945319640706463
"138",4,"2",8,0,0,0,1.02794169317975
"139",4,"2",9,0,0,0,1.14345343285212
"140",4,"2",10,0,0,0,1.00972528350791
"141",4,"4",1,0.651875,1.04,0.488797418842067,-0.36393447631725
"142",4,"4",2,0.805625,1.04,0.379560601221992,-0.346774120573875
"143",4,"4",3,0.655625,0.85,0.432388232186461,-0.235703973219206
"144",4,"4",4,0.558125,0.7,0.472697489592093,-0.190932596383646
"145",4,"4",5,0.28125,0,0.453150085512515,0.0461072803653852
"146",4,"4",6,0.499375,0.405,0.461265921134436,-0.105967610284291
"147",4,"4",7,0.5375,0.515,0.441927595879687,-0.136829546485328
"148",4,"4",8,0.2675,0,0.395685059948776,0.068359216285247
"149",4,"4",9,0.578125,0.71,0.48184670798917,-0.194190434606012
"150",4,"4",10,0.60375,1.04,0.513184502234171,-0.325201343409465
"151",5,"1",1,0.96625,1.04,0.150858653491715,-0.792685906718337
"152",5,"1",2,1.038125,1.04,0.00750000000000001,-1.02706742243419
"153",5,"1",3,0.76125,1.04,0.45994021350606,-0.957402120116586
"154",5,"1",4,0,0,0,1.03201752139563
"155",5,"1",5,0,0,0,1.31734831150875
"156",5,"1",6,0.125625,0,0.246115657093706,0.479061411740972
"157",5,"1",7,0.49125,0.48,0.300685328319602,-0.263269484631322
"158",5,"1",8,0.525,0.5,0.317909840468436,-0.273551406628242
"159",5,"1",9,0.68875,0.655,0.23246146634084,-0.379424917914457
"160",5,"1",10,0.319375,0.375,0.295239309713324,-0.197784892134202
"161",5,"2",1,0.01625,0,0.065,0.233294911361136
"162",5,"2",2,0.700625,0.69,0.168264424839794,-0.42312903596826
"163",5,"2",3,0.643125,0.66,0.28822950924567,-0.399690252494046
"164",5,"2",4,0.701875,0.825,0.315472529179114,-0.532702942979951
"165",5,"2",5,0.904375,1,0.138369975066847,-0.709995157259915
"166",5,"2",6,0,0,0,1.06572408091848
"167",5,"2",7,0,0,0,1.50494103091254
"168",5,"2",8,0.010625,0,0.0425,0.883661176915443
"169",5,"2",9,0,0,0,1.62654556530505
"170",5,"2",10,0,0,0,0.89254751356722
"171",5,"4",1,1.0325,1.04,0.0204939015319192,-1.03018269730951
"172",5,"4",2,1.039375,1.04,0.0025,-0.890932072694147
"173",5,"4",3,1.030625,1.04,0.0271952814534679,-1.07371745641685
"174",5,"4",4,1.02375,1.04,0.065,-0.96977968517713
"175",5,"4",5,0.0025,0,0.01,0.274851486566684
"176",5,"4",6,0.005625,0,0.0178768938390687,0.280967658983363
"177",5,"4",7,0,0,0,0.338788919754748
"178",5,"4",8,0.22125,0,0.38122390621086,0.102812031908904
"179",5,"4",9,0.885625,0.97,0.228822165301645,-0.627568076320462
"180",5,"4",10,0,0,0,1.46741541695657
"181",6,"1",1,0.49125,0.53,0.310158561599278,-0.2942829626814
"182",6,"1",2,0.476875,0.43,0.326490811509298,-0.231311921038108
"183",6,"1",3,0.255,0.14,0.281021944576101,-0.0718339489047699
"184",6,"1",4,0.55875,0.785,0.408393192891361,-0.470648083693502
"185",6,"1",5,0.009375,0,0.0349225333178069,0.354511975950827
"186",6,"1",6,0.495,0.55,0.344963766213207,-0.307510838360125
"187",6,"1",7,0.0375,0,0.15,0.556712296297949
"188",6,"1",8,0.544375,0.55,0.272396004620724,-0.308487951393961
"189",6,"1",9,0.85,0.865,0.155991452757301,-0.536828225474529
"190",6,"1",10,0.623125,0.665,0.393289015864923,-0.384044192694251
"191",6,"2",1,0.326875,0.325,0.262137845417254,-0.176652232554235
"192",6,"2",2,0.799375,0.87,0.233194303818368,-0.575683722950458
"193",6,"2",3,0.796875,0.93,0.245593668485163,-0.624507575129952
"194",6,"2",4,0.90375,0.94,0.115751169900495,-0.633906611841112
"195",6,"2",5,0.775,0.87,0.264952825989835,-0.567454694295038
"196",6,"2",6,0.681875,0.715,0.287476810658993,-0.443066402168797
"197",6,"2",7,0.603125,0.645,0.354150980044764,-0.386471628510923
"198",6,"2",8,0.711875,0.79,0.280480985689464,-0.500037773151132
"199",6,"2",9,0.72125,0.885,0.314194737914774,-0.586273202680849
"200",6,"2",10,0.62625,0.87,0.445149787524754,-0.57280916552202
"201",6,"4",1,0,0,0,0.348523298710385
"202",6,"4",2,0,0,0,1.25839526417486
"203",6,"4",3,0.029375,0,0.0804544384522487,0.518870951526072
"204",6,"4",4,0.1675,0.15,0.175442298206561,-0.0770654634679641
"205",6,"4",5,0.34375,0.33,0.295992680089672,-0.172466663868109
"206",6,"4",6,0.22625,0.245,0.220026513553859,-0.123505195029636
"207",6,"4",7,0.1125,0,0.220982653919563,0.554702300822515
"208",6,"4",8,0,0,0,1.21320700646746
"209",6,"4",9,0.110625,0.05,0.134683270428563,-0.0238891476645208
"210",6,"4",10,0.330625,0.3,0.277740136338509,-0.154354562267573
"211",7,"1",1,0.425625,0.435,0.289389443484036,-0.235321554022572
"212",7,"1",2,0.338125,0.325,0.28643134721372,-0.170175819453114
"213",7,"1",3,0.1775,0.1,0.233823295104088,-0.0492797371062171
"214",7,"1",4,0.20625,0.165,0.221957203082036,-0.082194935369314
"215",7,"1",5,0.0925,0.02,0.158975889157235,-0.00973343253825939
"216",7,"1",6,0.12625,0.025,0.163742684314954,0.00281614111074031
"217",7,"1",7,0.028125,0,0.0999479030962298,0.227964873248974
"218",7,"1",8,0.011875,0,0.0381608438061844,0.26520224604599
"219",7,"1",9,0.016875,0,0.0675,0.33849968145081
"220",7,"1",10,0,0,0,0.369280719182387
"221",7,"2",1,0.955625,1,0.151480196725513,-0.811402122515309
"222",7,"2",2,0.99,1,0.0350238014308365,-0.830226385812822
"223",7,"2",3,0.970625,1,0.0905883546599672,-0.937867383566478
"224",7,"2",4,0.98375,1,0.0393064880140671,-0.914389588899286
"225",7,"2",5,0.79125,0.775,0.153617490323639,-0.490401256398238
"226",7,"2",6,0.604375,0.625,0.232062312034218,-0.374303578804302
"227",7,"2",7,0.736875,0.775,0.241100774227984,-0.491578523152668
"228",7,"2",8,0.73125,0.75,0.189169236399579,-0.469115940002272
"229",7,"2",9,0.654375,0.7,0.251766260646656,-0.429343790286906
"230",7,"2",10,0.765625,0.85,0.22351640506534,-0.553816220013747
"231",7,"4",1,0.00375,0,0.0108781125813871,0.358879336701388
"232",7,"4",2,0.0225,0,0.0517042873786433,0.25634943973216
"233",7,"4",3,0,0,0,0.412952960133856
"234",7,"4",4,0,0,0,0.415295859061853
"235",7,"4",5,0,0,0,0.464467296168135
"236",7,"4",6,0,0,0,0.302739834309608
"237",7,"4",7,0.004375,0,0.0175,0.27013535164447
"238",7,"4",8,0.001875,0,0.0075,0.139579846056685
"239",7,"4",9,0.004375,0,0.0175,0.271478860870286
"240",7,"4",10,0.010625,0,0.0425,0.287943398706294
"241",8,"1",1,0,0,0,0.717567608994791
"242",8,"1",2,0.18625,0.035,0.268846300575874,-0.00887471347443076
"243",8,"1",3,0.00375,0,0.015,0.220366757763566
"244",8,"1",4,0.080625,0,0.144289928038423,0.0329578053543878
"245",8,"1",5,0.166875,0.075,0.195233834157914,-0.0346514696971534
"246",8,"1",6,0.089375,0,0.189753129091459,0.170238963333414
"247",8,"1",7,0.005,0,0.02,0.337350715160998
"248",8,"1",8,0.0425,0,0.0965056129628393,0.419591558748347
"249",8,"1",9,0,0,0,0.365546177907879
"250",8,"1",10,0.2325,0.125,0.281010082855877,-0.0620386082909153
"251",8,"2",1,0.389375,0.495,0.254596903620868,-0.283987231754807
"252",8,"2",2,0.590625,0.635,0.32785095699113,-0.383649055628727
"253",8,"2",3,0.294375,0.345,0.263513914876109,-0.188622903033277
"254",8,"2",4,0.406875,0.395,0.30721802789984,-0.219035514285699
"255",8,"2",5,0.206875,0,0.304974725728762,0.0248556512374824
"256",8,"2",6,0.438125,0.46,0.313798635008716,-0.262088154375716
"257",8,"2",7,0.255625,0.19,0.221869894307452,-0.101333294054523
"258",8,"2",8,0.095625,0,0.183665229879438,0.025592963515259
"259",8,"2",9,0.049375,0,0.13303978101806,0.160189917572896
"260",8,"2",10,0.165,0,0.220816666037688,0.0310827546014331
"261",8,"4",1,0.46625,0.48,0.250516133878306,-0.263919371291694
"262",8,"4",2,0.39625,0.325,0.356312129085347,-0.167935379297388
"263",8,"4",3,0.186875,0.055,0.220928910134761,-0.01893683760727
"264",8,"4",4,0.255625,0.23,0.26288067635336,-0.116684999059764
"265",8,"4",5,0.26125,0.015,0.323808070725031,8.42666255888181e-05
"266",8,"4",6,0.259375,0.255,0.25663122049613,-0.131159617549692
"267",8,"4",7,0,0,0,0.491339831532897
"268",8,"4",8,0.01125,0,0.0399791612384919,0.179176370448416
"269",8,"4",9,0.05625,0,0.134306862569763,0.233458712647793
"270",8,"4",10,0.066875,0,0.158354823103056,0.0848070827471273
"271",9,"1",1,0.0675,0,0.189578479791352,0.234330504913324
"272",9,"1",2,0.4225,0.375,0.37835609329484,-0.19768809938994
"273",9,"1",3,0.085,0,0.175764994618762,0.557164767088407
"274",9,"1",4,0.19,0,0.266483270269136,0.181313838662099
"275",9,"1",5,0.270625,0,0.387530106357343,0.0471923512901144
"276",9,"1",6,0.17875,0,0.260918250287965,0.0394815326201358
"277",9,"1",7,0.233125,0,0.32421636294302,0.083517721776406
"278",9,"1",8,0.15125,0,0.329178269837687,0.380388801654374
"279",9,"1",9,0.19375,0,0.353720699611054,0.158192020140133
"280",9,"1",10,0.2,0,0.309257174532783,0.0848070827471273
"281",9,"2",1,0.271875,0.2,0.301246715058162,-0.100433147504438
"282",9,"2",2,0.355625,0.315,0.328957317393407,-0.172172653312919
"283",9,"2",3,0.2925,0.075,0.337648732659648,-0.0384180895700225
"284",9,"2",4,0.151875,0,0.236000529660423,0.022991652395557
"285",9,"2",5,0.306875,0,0.394828549288591,0.164695196409606
"286",9,"2",6,0.100625,0,0.2099672593525,0.616243222102761
"287",9,"2",7,0.44625,0.455,0.303488055778148,-0.256468854951764
"288",9,"2",8,0.253125,0.255,0.234285260597702,-0.136118541808025
"289",9,"2",9,0.248125,0.145,0.290292237811026,-0.0776126374044498
"290",9,"2",10,0.01,0,0.04,2.63883932584573
"291",9,"4",1,0.01,0,0.04,1.63661166335172
"292",9,"4",2,0.106875,0,0.266851238208357,0.275708557766025
"293",9,"4",3,0.10125,0,0.168597153000874,0.183475990142106
"294",9,"4",4,0.09875,0,0.146007990648914,0.0971081572607042
"295",9,"4",5,0,0,0,0.352592738375983
"296",9,"4",6,0.04125,0,0.114825955254028,1.94553584004108
"297",9,"4",7,0,0,0,2.52281180518326
"298",9,"4",8,0,0,0,2.29955740241982
"299",9,"4",9,0,0,0,2.49415231302478
"300",9,"4",10,0,0,0,2.43990116532249
"301",10,"1",1,0.2075,0.065,0.28022609918897,-0.0307871962168401
"302",10,"1",2,0.17875,0.085,0.22791445763707,-0.0413690659050559
"303",10,"1",3,0.123125,0.08,0.148849756466042,-0.0389986665015774
"304",10,"1",4,0.031875,0,0.122268488717794,0.153884053148274
"305",10,"1",5,0.19625,0.18,0.203956694749972,-0.0912701176376456
"306",10,"1",6,0.118125,0,0.159089859303896,0.0253845402089065
"307",10,"1",7,0.21125,0.09,0.267204665627929,-0.0454731908514119
"308",10,"1",8,0.19125,0,0.310802724140786,0.162995599037101
"309",10,"1",9,0.07625,0,0.165564690277446,0.197045542931362
"310",10,"1",10,0.138125,0.035,0.213017018099494,-0.0156786446492878
"311",10,"2",1,0.11125,0.015,0.204804785100349,0.0523761290721838
"312",10,"2",2,0.1775,0,0.284850838159202,0.0205324277138811
"313",10,"2",3,0.02125,0,0.0620617971594979,0.186569855445306
"314",10,"2",4,0.014375,0,0.0575,0.273830748246592
"315",10,"2",5,0.06875,0,0.143753260832581,0.160368034643557
"316",10,"2",6,0.23875,0.215,0.268001865665148,-0.114850009735152
"317",10,"2",7,0.160625,0.015,0.200813968637642,0.0139219784925467
"318",10,"2",8,0.073125,0,0.148086404957826,0.22854058781386
"319",10,"2",9,0.1425,0,0.199415813481947,0.180731273971808
"320",10,"2",10,0.174375,0.015,0.248273203010984,0.0017619209594399
"321",10,"4",1,0.30125,0.31,0.224525425434775,-0.161045045135856
"322",10,"4",2,0.24,0.19,0.233552278230521,-0.094853839361459
"323",10,"4",3,0.2825,0.27,0.287877288672332,-0.142665095883267
"324",10,"4",4,0.16875,0.05,0.251154003219804,-0.0251245027695069
"325",10,"4",5,0.441875,0.415,0.355194195710835,-0.222946752054783
"326",10,"4",6,0.12875,0,0.2391338537305,0.259690755076313
"327",10,"4",7,0.125625,0,0.221509029161341,0.0969397164929782
"328",10,"4",8,0.2125,0,0.282642294546776,0.0143163277480833
"329",10,"4",9,0.208125,0.07,0.270165844127886,-0.0339069442700316
"330",10,"4",10,0.17875,0,0.340624426605022,0.10635772465225
"331",11,"1",1,0,0,0,1.86752292278646
"332",11,"1",2,0,0,0,1.85043084364996
"333",11,"1",3,0,0,0,1.31885795225656
"334",11,"1",4,0,0,0,0.893903277593181
"335",11,"1",5,0,0,0,0.812067800499241
"336",11,"1",6,0,0,0,1.16866772582041
"337",11,"1",7,0,0,0,0.847742850804039
"338",11,"1",8,0.000625,0,0.0025,0.349439589009689
"339",11,"1",9,0,0,0,1.74416797575597
"340",11,"1",10,0,0,0,1.19015473853811
"341",11,"2",1,0,0,0,1.40124624843171
"342",11,"2",2,0,0,0,1.17635040193506
"343",11,"2",3,0,0,0,0.681040105354195
"344",11,"2",4,0,0,0,1.01216347610082
"345",11,"2",5,0.01625,0,0.065,0.455336565403081
"346",11,"2",6,0,0,0,0.818481643145549
"347",11,"2",7,0,0,0,0.956908204570937
"348",11,"2",8,0,0,0,0.507341835436317
"349",11,"2",9,0,0,0,0.891659115261715
"350",11,"2",10,0,0,0,0.693294200922971
"351",11,"4",1,0,0,0,2.0925236281397
"352",11,"4",2,0,0,0,2.28912117220821
"353",11,"4",3,0,0,0,1.62864950235847
"354",11,"4",4,0,0,0,2.05583588276996
"355",11,"4",5,0,0,0,1.55021063736696
"356",11,"4",6,0,0,0,1.30773198500787
"357",11,"4",7,0,0,0,1.37548234038677
"358",11,"4",8,0,0,0,1.21670302484638
"359",11,"4",9,0,0,0,1.23948488318689
"360",11,"4",10,0,0,0,1.47082196133867
"361",12,"1",1,0.08375,0,0.10632497354808,0.0403164195077892
"362",12,"1",2,0.05375,0,0.176592751833137,0.0887499175938791
"363",12,"1",3,0.1275,0,0.218158963449438,0.0415727846467741
"364",12,"1",4,0.126875,0,0.198619191754808,0.0261363897530415
"365",12,"1",5,0.119375,0.005,0.180017360273947,0.00517370410839666
"366",12,"1",6,0,0,0,0.852324412395084
"367",12,"1",7,0.035,0,0.0959166304662544,0.26587694047866
"368",12,"1",8,0.019375,0,0.0395758764906098,0.227043887083322
"369",12,"1",9,0.09375,0,0.166648332324889,0.155827438950934
"370",12,"1",10,0.07375,0,0.193214043657977,0.0998821697899579
"371",12,"2",1,0,0,0,0.36809114123457
"372",12,"2",2,0.003125,0,0.0125,0.23017703881159
"373",12,"2",3,0.005,0,0.02,0.239479441412129
"374",12,"2",4,0,0,0,0.244558433616852
"375",12,"2",5,0.0375,0,0.119805397763762,0.191742474154652
"376",12,"2",6,0.035,0,0.0765070802823721,0.178338838963098
"377",12,"2",7,0.003125,0,0.0125,0.346228304696282
"378",12,"2",8,0,0,0,0.484936824822132
"379",12,"2",9,0.034375,0,0.0968826609874027,0.229559858684974
"380",12,"2",10,0.026875,0,0.1075,0.267364179748339
"381",12,"4",1,0.079375,0,0.173722719680914,0.0680822578373826
"382",12,"4",2,0,0,0,0.228368663879072
"383",12,"4",3,0.096875,0,0.256533785949012,0.172026721103453
"384",12,"4",4,0.07875,0,0.153964281572058,0.161367604966437
"385",12,"4",5,0.0775,0,0.169016764454496,0.197969023100685
"386",12,"4",6,0.07625,0,0.148453135141476,0.035271888898632
"387",12,"4",7,0.028125,0,0.104767599953421,0.252559627089545
"388",12,"4",8,0.055,0,0.1015217546473,0.173568161892183
"389",12,"4",9,0,0,0,0.321590888908723
"390",12,"4",10,0.0675,0,0.157162336455017,0.191359796334954
"391",13,"1",1,0.144375,0,0.254138249777557,0.00539727289189401
"392",13,"1",2,0.22375,0.11,0.27514541609847,-0.054480789605084
"393",13,"1",3,0.1325,0,0.206865495753481,0.109142206247423
"394",13,"1",4,0.03375,0,0.0758836829188814,0.277526097114852
"395",13,"1",5,0.008125,0,0.0325,0.286628517126959
"396",13,"1",6,0.238125,0.135,0.271544195297929,-0.0671803057874198
"397",13,"1",7,0.22125,0,0.284602061365222,0.124921723715967
"398",13,"1",8,0.091875,0,0.161336862909049,0.319527972435911
"399",13,"1",9,0.041875,0,0.114438848298993,0.306451052623972
"400",13,"1",10,0.080625,0,0.152335977365821,0.194274668566741
"401",13,"2",1,0.010625,0,0.0425,0.316547872005241
"402",13,"2",2,0,0,0,0.62969045543354
"403",13,"2",3,0,0,0,0.700426593259588
"404",13,"2",4,0.036875,0,0.0873093160359573,0.552780350051392
"405",13,"2",5,0.04125,0,0.110446065268679,0.522356078934406
"406",13,"2",6,0.09875,0,0.174885676943539,0.108751040969177
"407",13,"2",7,0.17125,0.115,0.207296084542537,-0.0582776637424713
"408",13,"2",8,0.031875,0,0.087118214704695,0.505383313714027
"409",13,"2",9,0.068125,0,0.126502635018669,0.054803502744776
"410",13,"2",10,0,0,0,0.434340207899118
"411",13,"4",1,0.004375,0,0.0175,0.267020119057154
"412",13,"4",2,0.028125,0,0.0785891213845784,0.241394101536694
"413",13,"4",3,0,0,0,0.323068455293856
"414",13,"4",4,0,0,0,0.61145665667051
"415",13,"4",5,0.03,0,0.102826715076061,0.421304506763482
"416",13,"4",6,0.22875,0.095,0.292252744498091,-0.0387868605708908
"417",13,"4",7,0.014375,0,0.0450138867462031,0.548778043779096
"418",13,"4",8,0.175625,0,0.288235291616647,0.0505057544571483
"419",13,"4",9,0.006875,0,0.0275,0.39911212020561
"420",13,"4",10,0.0425,0,0.17,0.522789474972193
"421",14,"1",1,0.035,0,0.0895916662791058,0.435982331431295
"422",14,"1",2,0.22625,0.195,0.228089894559141,-0.0973770384212561
"423",14,"1",3,0.134375,0,0.190821688145417,0.0132398164021893
"424",14,"1",4,0.069375,0,0.189647699696042,0.117240262879919
"425",14,"1",5,0.06125,0,0.120823562823372,0.150981473472012
"426",14,"1",6,0.14625,0.025,0.231915933044713,-0.00682976739298288
"427",14,"1",7,0.1275,0,0.202105582967583,0.0693976458720319
"428",14,"1",8,0.1375,0,0.235301225382841,0.181853230537049
"429",14,"1",9,0.016875,0,0.0428514877221317,0.283287819435241
"430",14,"1",10,0.03375,0,0.0585234995535981,0.042384421907262
"431",14,"2",1,0.110625,0,0.168383243426021,0.161729681913651
"432",14,"2",2,0.001875,0,0.0075,0.228396649503083
"433",14,"2",3,0.015625,0,0.0625,0.240751422760222
"434",14,"2",4,0,0,0,0.340517931066578
"435",14,"2",5,0,0,0,0.32200570055844
"436",14,"2",6,0.034375,0,0.0740242077521491,0.236421094656042
"437",14,"2",7,0.045,0,0.146287388383278,0.193793868713322
"438",14,"2",8,0.01125,0,0.0326343377441614,0.113320811725232
"439",14,"2",9,0.021875,0,0.0848699986253486,0.276336257561116
"440",14,"2",10,0.009375,0,0.0204837333836714,0.205179642451077
"441",14,"4",1,0.0375,0,0.0778460018241143,0.207359229893734
"442",14,"4",2,0.0075,0,0.03,0.282968255377
"443",14,"4",3,0.0275,0,0.0602771377334171,0.195653040626963
"444",14,"4",4,0.104375,0,0.197246672975744,0.174040916193685
"445",14,"4",5,0.075625,0,0.122961714908883,0.0126846440703228
"446",14,"4",6,0.129375,0,0.201377547573374,0.0907480566642783
"447",14,"4",7,0.0875,0,0.154380482358792,0.171765081586326
"448",14,"4",8,0.11875,0,0.203105063124154,0.0827049043028248
"449",14,"4",9,0.051875,0,0.109922321057493,0.0815693686885904
"450",14,"4",10,0.083125,0,0.111637433984603,0.110483678980852
"451",15,"1",1,1.01125,1.04,0.0867083233221202,-0.904155685584682
"452",15,"1",2,0.89375,1.02,0.295880043260778,-0.692170683447135
"453",15,"1",3,0.9325,1.04,0.226612738682832,-0.83642192873965
"454",15,"1",4,0.9275,1.015,0.197399763593239,-0.67119219683063
"455",15,"1",5,0.936875,1.025,0.25713080328891,-0.676736471141762
"456",15,"1",6,0.80875,0.86,0.22618208004467,-0.532200816321383
"457",15,"1",7,0.518125,0.585,0.401201840308175,-0.330114502571164
"458",15,"1",8,0.945625,1.04,0.185183467584627,-0.742860935976331
"459",15,"1",9,0.596875,0.61,0.294204435724549,-0.348519520778217
"460",15,"1",10,0.4475,0.455,0.337134987801622,-0.247556658431124
"461",15,"2",1,0,0,0,0.777707208302288
"462",15,"2",2,0,0,0,0.696033779465121
"463",15,"2",3,0,0,0,0.82067678415437
"464",15,"2",4,0,0,0,0.836276404908797
"465",15,"2",5,0,0,0,0.934548887058248
"466",15,"2",6,0,0,0,0.731409084864876
"467",15,"2",7,0,0,0,0.783950130138195
"468",15,"2",8,0,0,0,0.903370464205046
"469",15,"2",9,0,0,0,0.866903539936631
"470",15,"2",10,0,0,0,0.904981627510513
"471",15,"4",1,0.005625,0,0.0225,0.374345141422706
"472",15,"4",2,0,0,0,0.562376880637857
"473",15,"4",3,0,0,0,0.591955983234732
"474",15,"4",4,0,0,0,0.484262860642512
"475",15,"4",5,0,0,0,0.569363746661139
"476",15,"4",6,0,0,0,0.50729380375774
"477",15,"4",7,0,0,0,0.584539670989186
"478",15,"4",8,0,0,0,0.458890041198991
"479",15,"4",9,0,0,0,0.582562212331988
"480",15,"4",10,0,0,0,0.60906722493946
"481",16,"1",1,0.848125,0.9,0.257997900508253,-0.569946961206987
"482",16,"1",2,0.78125,0.93,0.352966004028717,-0.593652044562197
"483",16,"1",3,0.715,0.75,0.3,-0.447176041807347
"484",16,"1",4,0.840625,0.945,0.264586942232605,-0.606633444824981
"485",16,"1",5,0.705625,0.795,0.274274041790323,-0.481698359179761
"486",16,"1",6,0.794375,0.92,0.326516334456129,-0.586581895316146
"487",16,"1",7,0.594375,0.63,0.300731746467401,-0.358903806299079
"488",16,"1",8,0.79,0.815,0.205523721258642,-0.497070528597584
"489",16,"1",9,0.72625,0.775,0.241960740617151,-0.466159873733412
"490",16,"1",10,0.698125,0.65,0.254721252875897,-0.374205546901829
"491",16,"2",1,0.3825,0.415,0.285318535441823,-0.232144698382405
"492",16,"2",2,0.326875,0.355,0.255805101591036,-0.197011907079817
"493",16,"2",3,0.105,0,0.177576274691563,0.130992584861308
"494",16,"2",4,0.23875,0,0.298861729455836,0.0351122429261851
"495",16,"2",5,0.0875,0,0.189754227006058,0.0720714305685494
"496",16,"2",6,0.409375,0.455,0.329918550554527,-0.26046107364462
"497",16,"2",7,0.3325,0.3,0.323037665502544,-0.163252803987383
"498",16,"2",8,0.155,0.075,0.185723809279622,-0.0239215204079648
"499",16,"2",9,0.18625,0,0.294479767273294,0.115043916903251
"500",16,"2",10,0.195625,0,0.292847372078585,0.00847104431567346
"501",16,"4",1,0.6075,0.57,0.225698914485648,-0.322375816700768
"502",16,"4",2,0.395625,0.44,0.217070457071738,-0.238548188871702
"503",16,"4",3,0.17,0.04,0.220877039700071,0.0142424021071747
"504",16,"4",4,0.1375,0,0.262843426143145,0.113517176830397
"505",16,"4",5,0.190625,0.03,0.249545420047467,-0.0134706490558481
"506",16,"4",6,0.166875,0,0.272536694777052,0.14379000481519
"507",16,"4",7,0.1975,0.055,0.224811031757785,-0.0266691344568091
"508",16,"4",8,0.22,0.065,0.272934668617479,-0.0307130201300574
"509",16,"4",9,0.12,0,0.195891126224067,0.0301691773752757
"510",16,"4",10,0.0875,0,0.126095202129185,0.091107734888447
"511",17,"1",1,0.15375,0.12,0.174961900614581,-0.0614983013546355
"512",17,"1",2,0.231875,0.1,0.271568745133407,-0.0498269605958684
"513",17,"1",3,0.445625,0.47,0.245681874246623,-0.255811118637295
"514",17,"1",4,0.300625,0.28,0.314822039677445,-0.143153443382983
"515",17,"1",5,0.4025,0.385,0.303589635308366,-0.204595278751867
"516",17,"1",6,0.274375,0.25,0.244102949592994,-0.129161529217692
"517",17,"1",7,0.28625,0.125,0.319559592773137,-0.0636796487965821
"518",17,"1",8,0.25625,0.235,0.263030416492086,-0.119659991716269
"519",17,"1",9,0.5375,0.615,0.267295092859309,-0.348780924578487
"520",17,"1",10,0.415,0.385,0.364435636749939,-0.204885330002387
"521",17,"2",1,0.07625,0,0.176366096515175,0.145925573773072
"522",17,"2",2,0.053125,0,0.152171777935332,0.16315483051175
"523",17,"2",3,0.098125,0,0.174593575674097,0.276882953231082
"524",17,"2",4,0.015,0,0.06,0.270014187787043
"525",17,"2",5,0.019375,0,0.0775,0.28516184266286
"526",17,"2",6,0.048125,0,0.0797678924547131,0.142180875733507
"527",17,"2",7,0.02,0,0.0748331477354788,0.252873039011346
"528",17,"2",8,0.0625,0,0.170274288526875,0.180220096082773
"529",17,"2",9,0.079375,0,0.154335943102484,0.1176804797957
"530",17,"2",10,0.0625,0,0.138009661497544,0.269461006180895
"531",17,"4",1,0.05375,0,0.0994568583189046,0.108157179725086
"532",17,"4",2,0.016875,0,0.0675,0.207340881606544
"533",17,"4",3,0,0,0,0.37462283536965
"534",17,"4",4,0.015625,0,0.0625,0.332493231135904
"535",17,"4",5,0.041875,0,0.101470439045074,0.0886855258170492
"536",17,"4",6,0.018125,0,0.0626331914137118,0.353223615184279
"537",17,"4",7,0.0175,0,0.062449979983984,0.217332131400213
"538",17,"4",8,0.021875,0,0.0774784916390779,0.174199532364801
"539",17,"4",9,0.01125,0,0.0340342964277702,0.320695570522854
"540",17,"4",10,0.019375,0,0.0775,0.69918618104628
"541",18,"1",1,0.518125,0.595,0.240228190130412,-0.336176203301193
"542",18,"1",2,0.5225,0.52,0.219984847963066,-0.287398551257102
"543",18,"1",3,0.33,0.36,0.275753513123587,-0.191148522534028
"544",18,"1",4,0.3975,0.31,0.317311623907267,-0.162540289260257
"545",18,"1",5,0,0,0,0.663569568665165
"546",18,"1",6,0,0,0,0.742527287951534
"547",18,"1",7,0.115,0,0.186440338982743,0.0745027520136368
"548",18,"1",8,0.181875,0.055,0.22900418482348,-0.0141136162285723
"549",18,"1",9,0.115,0,0.163054183223451,0.137057055591409
"550",18,"1",10,0.15875,0.07,0.197277300603322,-0.0357279533261636
"551",18,"2",1,0.04625,0,0.132608446186508,0.604023666193799
"552",18,"2",2,0.04875,0,0.139373598647664,0.409465426303695
"553",18,"2",3,0,0,0,0.776476411271648
"554",18,"2",4,0,0,0,0.997198813045667
"555",18,"2",5,0,0,0,0.976411785154266
"556",18,"2",6,0.0175,0,0.0437416658728647,0.265311976957201
"557",18,"2",7,0.029375,0,0.0812788410350443,0.356951658937898
"558",18,"2",8,0.038125,0,0.0975170925188674,0.52978314954559
"559",18,"2",9,0,0,0,0.974473695195549
"560",18,"2",10,0,0,0,0.698338740915528
"561",18,"4",1,0.01625,0,0.065,0.653383061112098
"562",18,"4",2,0.00625,0,0.025,0.469891756843734
"563",18,"4",3,0.015,0,0.06,0.366047308105786
"564",18,"4",4,0,0,0,0.59993695233681
"565",18,"4",5,0.0025,0,0.01,0.432972558994311
"566",18,"4",6,0,0,0,1.02775214689772
"567",18,"4",7,0,0,0,0.883419528284004
"568",18,"4",8,0,0,0,0.820566743652684
"569",18,"4",9,0,0,0,0.924640005084539
"570",18,"4",10,0,0,0,0.972809054856861
"571",19,"1",1,0.65,0.715,0.325392071200268,-0.422364162483276
"572",19,"1",2,0.754375,0.765,0.286402252086118,-0.459578281421379
"573",19,"1",3,0.74,0.755,0.294708895918215,-0.451799144730097
"574",19,"1",4,0.704375,0.82,0.337815901540075,-0.503329288628845
"575",19,"1",5,0.615625,0.69,0.28483840447992,-0.40604811453926
"576",19,"1",6,0.766875,0.825,0.299504451831132,-0.504187849260652
"577",19,"1",7,0.865,0.965,0.269047703329106,-0.62279776543458
"578",19,"1",8,0.965625,1.04,0.128735840645357,-0.785060168937585
"579",19,"1",9,0.798125,0.92,0.273232959212464,-0.625947697164705
"580",19,"1",10,0.84375,0.845,0.189942973898308,-0.521792763951567
"581",19,"2",1,0.5925,0.68,0.338437586565086,-0.416091907831829
"582",19,"2",2,0.40625,0.345,0.374484089559668,-0.188758403675022
"583",19,"2",3,0.539375,0.565,0.319425917337129,-0.331351283380985
"584",19,"2",4,0.301875,0.345,0.290498852550803,-0.188207802450448
"585",19,"2",5,0.37625,0.375,0.364012362427432,-0.207808903051424
"586",19,"2",6,0.58375,0.63,0.314703564220892,-0.379519838996084
"587",19,"2",7,0.3325,0.365,0.288340076992429,-0.200659081513817
"588",19,"2",8,0.22375,0.065,0.286376791424631,-0.0341716735119539
"589",19,"2",9,0.28375,0.13,0.328001524386702,-0.0673547415630516
"590",19,"2",10,0.338125,0.29,0.296810124490389,-0.156160251896967
"591",19,"4",1,0.015,0,0.06,0.375343516172607
"592",19,"4",2,0.01,0,0.0374165738677394,0.395289455204213
"593",19,"4",3,0,0,0,0.532043543516298
"594",19,"4",4,0,0,0,0.57077095030955
"595",19,"4",5,0,0,0,0.515174310603753
"596",19,"4",6,0.114375,0,0.144313027824933,0.0641370769446863
"597",19,"4",7,0.035,0,0.0853229160308062,0.205822797248438
"598",19,"4",8,0.04,0,0.137840487520902,0.21827297747504
"599",19,"4",9,0.0675,0,0.12943466820498,0.183633490257336
"600",19,"4",10,0.045625,0,0.0986555455444177,0.265686548708643
"601",20,"1",1,0.050625,0,0.147353034127793,0.125158985632306
"602",20,"1",2,0.71,0.695,0.209125161884775,-0.40801919824591
"603",20,"1",3,0.630625,0.66,0.23561179229119,-0.381730464573661
"604",20,"1",4,0.59625,0.625,0.262852937336958,-0.356926087825912
"605",20,"1",5,0.63375,0.69,0.200927018259533,-0.403536881699076
"606",20,"1",6,0.705625,0.73,0.274614123210491,-0.43427742451951
"607",20,"1",7,0.69375,0.74,0.296060241617592,-0.441174085585678
"608",20,"1",8,0.753125,0.785,0.172345341296673,-0.473949578808012
"609",20,"1",9,0.70375,0.79,0.279830305721164,-0.478695774353426
"610",20,"1",10,0.82,0.88,0.258998069490875,-0.552074269469549
"611",20,"2",1,0.29875,0.235,0.288510542846069,-0.126349735026784
"612",20,"2",2,0.3075,0.325,0.192993955000323,-0.177238371472107
"613",20,"2",3,0.255,0.055,0.326476134911369,-0.0175379858709236
"614",20,"2",4,0.13875,0.07,0.172814929910584,-0.0160004538662124
"615",20,"2",5,0.248125,0.235,0.23206949390215,-0.125911027108824
"616",20,"2",6,0,0,0,0.423528540753783
"617",20,"2",7,0.015,0,0.06,0.313802789574619
"618",20,"2",8,0.363125,0.4,0.311099528554234,-0.223558895292302
"619",20,"2",9,0.138125,0.045,0.197929911837499,-0.021495266872453
"620",20,"2",10,0.23625,0.19,0.246870411349761,-0.100651802911954
"621",20,"4",1,0.253125,0.205,0.272438831055095,-0.102911783699012
"622",20,"4",2,0.279375,0.18,0.27489316106444,-0.0918532992833082
"623",20,"4",3,0.215,0.2,0.251290005106981,-0.100540795262418
"624",20,"4",4,0.18375,0.07,0.229430454241222,-0.0352694006811426
"625",20,"4",5,0.193125,0.055,0.235845111602226,-0.00850457353842004
"626",20,"4",6,0.205625,0.14,0.207556217284218,-0.0700488194266626
"627",20,"4",7,0.355625,0.41,0.288212161436675,-0.22057038018884
"628",20,"4",8,0.14625,0,0.178582380616529,0.0409505070306718
"629",20,"4",9,0.210625,0.165,0.226729464340213,-0.0822668792048071
"630",20,"4",10,0.241875,0.17,0.267063506804405,-0.087011440537983
"631",21,"1",1,1.019375,1.04,0.0825,-1.00712609535564
"632",21,"1",2,1.009375,1.04,0.043430979726458,-0.808203290875097
"633",21,"1",3,0.67125,0.845,0.411191358534361,-0.522469941084517
"634",21,"1",4,0.8825,0.95,0.200049993751562,-0.607352023503638
"635",21,"1",5,0.96375,1.04,0.12774323204512,-0.737161334575037
"636",21,"1",6,0.894375,1.03,0.227800168276204,-0.724481102541016
"637",21,"1",7,0.89375,0.94,0.151695967865552,-0.603535223432405
"638",21,"1",8,0.871875,0.96,0.187659931791525,-0.617752904197284
"639",21,"1",9,0.825625,0.865,0.231832374788337,-0.537602470802733
"640",21,"1",10,0.815,0.88,0.264297811820933,-0.549219346312832
"641",21,"2",1,0.771875,0.925,0.340337455084411,-0.619975931870222
"642",21,"2",2,0.570625,0.625,0.368717936459113,-0.373460403193814
"643",21,"2",3,0.620625,0.75,0.359693735465789,-0.471414878256301
"644",21,"2",4,0.36,0.23,0.371160342709185,-0.123003677591589
"645",21,"2",5,0.249375,0.125,0.308598309565472,-0.0651353106241114
"646",21,"2",6,0,0,0,0.918729220413907
"647",21,"2",7,0,0,0,0.844061430581578
"648",21,"2",8,0,0,0,0.678632490412005
"649",21,"2",9,0,0,0,0.984857511021223
"650",21,"2",10,0,0,0,0.834099708140681
"651",21,"4",1,0.21125,0.07,0.240911463681854,-0.0327375868256909
"652",21,"4",2,0.6025,0.675,0.394537704155129,-0.394085182257241
"653",21,"4",3,0.63125,0.855,0.446883653762363,-0.527630082147115
"654",21,"4",4,0.125625,0,0.240332235318805,0.269092028295887
"655",21,"4",5,0.366875,0.075,0.451364136073452,-0.0370287240725904
"656",21,"4",6,0.313125,0.14,0.357747000919178,-0.0672288737423267
"657",21,"4",7,0.504375,0.45,0.465130358071799,-0.247815063422536
"658",21,"4",8,0.605625,0.755,0.447362176169004,-0.449718870142562
"659",21,"4",9,0.328125,0.005,0.420574507865927,0.00819420543949431
"660",21,"4",10,0.55875,0.685,0.378080679220719,-0.400799444393722
"661",22,"1",1,0.33875,0.365,0.315655402826141,-0.192910443118776
"662",22,"1",2,0.37875,0.36,0.36304040179205,-0.190911304543649
"663",22,"1",3,0.681875,0.675,0.314308102557559,-0.391545449276597
"664",22,"1",4,0.498125,0.665,0.4330545577638,-0.387558589537145
"665",22,"1",5,0.30875,0.355,0.285700892543233,-0.189457251092496
"666",22,"1",6,0.7725,1.04,0.411087987337666,-0.801267669593334
"667",22,"1",7,0.591875,0.6,0.42513086220598,-0.340937303820697
"668",22,"1",8,0.48375,0.515,0.453914455964264,-0.283937182011103
"669",22,"1",9,0.7475,0.94,0.354936614059468,-0.602688006817166
"670",22,"1",10,0.53875,0.66,0.421550708693509,-0.384716776108688
"671",22,"2",1,0.4725,0.515,0.289493811102529,-0.297827134089846
"672",22,"2",2,0.133125,0,0.257001134887248,0.167494220043148
"673",22,"2",3,0.030625,0,0.0860595723902925,0.169298588710448
"674",22,"2",4,0.078125,0,0.177471828750368,0.231991928927175
"675",22,"2",5,0.081875,0,0.207371446121848,0.303943886204173
"676",22,"2",6,0.0625,0,0.173378199321599,1.14847077631632
"677",22,"2",7,0.021875,0,0.0730496406562003,0.5305532154201
"678",22,"2",8,0.015625,0,0.0625,0.356338410956603
"679",22,"2",9,0.070625,0,0.141631858468825,0.265568607022217
"680",22,"2",10,0.129375,0,0.270270697634797,0.267145759803172
"681",22,"4",1,0.5775,0.565,0.32601635950772,-0.319441961834155
"682",22,"4",2,0.29875,0.065,0.343858013333023,-0.0317955509631119
"683",22,"4",3,0.49,0.665,0.405248894713689,-0.384454927259836
"684",22,"4",4,0.075,0,0.174585222742362,0.294532693478115
"685",22,"4",5,0.398125,0.205,0.443429344240245,-0.087877571418488
"686",22,"4",6,0.59875,0.72,0.410444880586907,-0.429505149381409
"687",22,"4",7,0.481875,0.425,0.449773554135856,-0.227790474323714
"688",22,"4",8,0.47125,0.425,0.345868472110425,-0.227010670701742
"689",22,"4",9,0.4025,0.26,0.443027463407556,-0.141809908445065
"690",22,"4",10,0.12625,0,0.235453463200976,0.269989345404357
"691",23,"1",1,0.83375,0.795,0.203629565633284,-0.482311279627832
"692",23,"1",2,0.411875,0.425,0.328617685667301,-0.229240002107956
"693",23,"1",3,0.4525,0.445,0.281484161780611,-0.240759374278423
"694",23,"1",4,0.315625,0.355,0.248138905991517,-0.186539296204505
"695",23,"1",5,0.341875,0.38,0.239143436734804,-0.20126985188953
"696",23,"1",6,0.0875,0,0.173455085444811,0.0650233883010049
"697",23,"1",7,0.003125,0,0.0101447851956888,0.154415986411351
"698",23,"1",8,0.03125,0,0.0854692927313664,0.15695212826048
"699",23,"1",9,0.79125,1.04,0.409762126117092,-0.902921273438567
"700",23,"1",10,0.4825,0.52,0.248421684507076,-0.288841680850706
"701",23,"2",1,0.81625,0.875,0.206651881191534,-0.575997070859494
"702",23,"2",2,0.74125,0.83,0.321327973675911,-0.539592093417763
"703",23,"2",3,0.75,0.855,0.334345131064693,-0.555810214663864
"704",23,"2",4,0.7075,0.735,0.192682813625571,-0.456768020932335
"705",23,"2",5,0.873125,0.935,0.147183275770947,-0.62666778340604
"706",23,"2",6,0.92125,1,0.135640456108542,-0.745920682679524
"707",23,"2",7,0.749375,0.885,0.299187093081681,-0.587799165058372
"708",23,"2",8,0.613125,0.685,0.27216952437773,-0.418613924400672
"709",23,"2",9,0.4625,0.665,0.358580534887213,-0.402655633249174
"710",23,"2",10,0.206875,0.14,0.22605954230394,-0.0730238335089428
"711",23,"4",1,0.223125,0.15,0.25788159427665,-0.0742285214205992
"712",23,"4",2,0.425,0.295,0.348731032937038,-0.153119300725513
"713",23,"4",3,0.279375,0.195,0.28988431600669,-0.0996540937276173
"714",23,"4",4,0.324375,0.35,0.214444048646727,-0.184031769957816
"715",23,"4",5,0.354375,0.42,0.252163141636521,-0.225848079056143
"716",23,"4",6,0.845625,0.935,0.241577282320448,-0.596805008645195
"717",23,"4",7,0.8475,0.905,0.265593674623474,-0.574376704184975
"718",23,"4",8,0.195625,0.09,0.264901711332084,-0.0436951183133338
"719",23,"4",9,0.3975,0.415,0.2519126832853,-0.221530607861019
"720",23,"4",10,0.320625,0.4,0.247156327048287,-0.21450045515819
"721",24,"1",1,0.6825,0.855,0.419531484714397,-0.529522701227258
"722",24,"1",2,0.90625,1.04,0.235255180601831,-0.719415107380556
"723",24,"1",3,0.735625,0.89,0.359740068197395,-0.556622791981916
"724",24,"1",4,0.493125,0.455,0.399511681097478,-0.250464810404426
"725",24,"1",5,0.36625,0.295,0.323231083488784,-0.152767991223772
"726",24,"1",6,0.44375,0.525,0.376667404129072,-0.288954838702955
"727",24,"1",7,0.250625,0,0.36281250897215,0.0636515949180764
"728",24,"1",8,0.11375,0,0.242621103781184,0.160448715980667
"729",24,"1",9,0.214375,0,0.371698242305951,0.173014311670716
"730",24,"1",10,0.664375,0.69,0.326250798211029,-0.401522360971169
"731",24,"2",1,0.938125,1,0.118727629471829,-0.754265873562827
"732",24,"2",2,0.885,0.945,0.136723565391389,-0.639086115067791
"733",24,"2",3,0.846875,0.995,0.245213342486361,-0.695085087574991
"734",24,"2",4,0.871875,0.92,0.231724513161642,-0.618299015821006
"735",24,"2",5,0.81875,0.89,0.255261304026547,-0.589567610685299
"736",24,"2",6,0.750625,0.845,0.297802367351235,-0.550459737462787
"737",24,"2",7,0.77,0.925,0.308025972930855,-0.61826949099357
"738",24,"2",8,0.859375,0.94,0.164902749117978,-0.635632346680485
"739",24,"2",9,0.6825,0.725,0.29126162351627,-0.451134562649206
"740",24,"2",10,0.68375,0.725,0.253189652237211,-0.451756319127707
"741",24,"4",1,0.90625,1.02,0.181691129851368,-0.682338919447513
"742",24,"4",2,0.876875,1.025,0.286652373674689,-0.691585834891493
"743",24,"4",3,0.8225,0.845,0.270246800782791,-0.522711322669597
"744",24,"4",4,0.798125,0.905,0.314435340464989,-0.573061204123381
"745",24,"4",5,0.5375,0.57,0.26302091171616,-0.320424452183686
"746",24,"4",6,0.785,0.925,0.329888870177014,-0.587836667402286
"747",24,"4",7,0.745625,0.845,0.345098415914456,-0.523326274868699
"748",24,"4",8,0.645625,0.725,0.371177742687606,-0.427954105749703
"749",24,"4",9,0.248125,0.03,0.342017908887824,-0.0130547554893475
"750",24,"4",10,0.65625,0.695,0.222527151901365,-0.405932147153389
