,FB_int,essai,num_sujet,MoyenneBeta,MoyenneERD,MedianeERD,MedianeBeta,StdDevBeta,mvtMoyCond,mvtMedianCond,StdDevMvt
1,1,1,0,16.5584375,0.906814759036145,0.852957283680175,15.575,4.89805498551507,0.3071875,0.275,0.257559693989067
2,1,1,1,23.250625,2.21013545627376,1.81606463878327,19.105,15.8774957271138,0,0,0
3,1,1,2,4.8059375,1.89210137795276,1.8503937007874,4.7,0.86598018071264,0,0,0
4,1,1,3,19.120625,0.951274875621891,0.850995024875622,17.105,7.28484460281047,0.5453125,0.6,0.452405644234777
5,1,1,4,15.455,1.78464203233256,1.69572748267898,14.685,3.11531182097964,0,0,0
6,1,1,5,20.489375,1.13829861111111,0.701388888888889,12.625,17.7141110030685,0.5459375,0.62,0.471892957893713
7,1,1,6,26.4090625,0.838382936507936,0.742539682539682,23.39,10.3447918513415,0.493125,0.535,0.322694677425441
8,1,1,7,29.53625,0.93765873015873,0.892063492063492,28.1,7.89370379970134,0.2759375,0.225,0.276812028628722
9,1,1,8,47.6665625,1.65508897569444,1.4671875,42.255,20.6748835639542,0.0446875,0,0.139584276196462
10,1,1,9,135.63625,4.70959201388889,1.18020833333333,33.99,388.405291945527,0.123125,0,0.23135557746855
11,1,1,10,33.6521875,1.06832341269841,0.985555555555556,31.045,9.88343408204012,0.1628125,0.03,0.228702290988144
12,1,1,11,140.28375,4.87096354166667,4.18697916666667,120.585,62.2106994090867,0,0,0
13,1,1,12,14.06,1.83790849673203,1.45294117647059,11.115,8.14434733716503,0.041875,0,0.0853243337828305
14,1,1,13,20.2615625,1.09759276814735,0.996749729144095,18.4,8.40850610389227,0.19125,0.01,0.263055863072417
15,1,1,14,15.25375,1.69486111111111,1.16055555555556,10.445,11.5770498080497,0.090625,0,0.181941810974402
16,1,1,15,10.050625,0.507607323232323,0.471464646464646,9.335,2.81992328596181,0.91,01.04,0.197418827745449
17,1,1,16,31.1659375,2.30858796296296,0.565185185185185,7.63,131.769766855517,0.82125,0.9,0.290758185750023
18,1,1,17,8.805,0.978333333333333,0.902222222222222,8.12,2.05566565625896,0.2140625,0.205,0.21771332697365
19,1,1,18,310.49625,26.538141025641,1.16623931623932,13.645,1645.98781206194,0.2590625,0,0.311772863713934
20,1,1,19,14.79625,0.657611111111111,0.625555555555556,14.075,5.7269029799653,0.7084375,0.78,0.313308148581779
21,1,1,20,13.8234375,0.903492647058823,0.87483660130719,13.385,4.71596096277518,0.378125,0.26,0.397130331251593
22,1,1,21,6.665625,0.462890625,0.442361111111111,6.37,1.98343289485354,0.956875,01.04,0.180097419873693
23,1,1,22,18.8709375,0.776581790123457,0.754732510288066,18.34,9.48805509128834,0.555625,0.51,0.422534117729162
24,1,1,23,11.8878125,0.825542534722222,0.771527777777778,11.11,4.61211499617076,0.460625,0.475,0.422297384132511
25,1,1,24,4.3796875,0.811053240740741,0.692592592592593,3.74,2.17528416293507,0.563125,0.64,0.41051845662017
26,1,2,0,18.791875,1.02912787513691,1.02573932092004,18.73,3.83440236963442,0.1325,0,0.194173185086025
27,1,2,1,36.04875,3.42668726235741,2.2856463878327,24.045,40.7290694911252,0,0,0
28,1,2,2,6.5821875,2.5914124015748,1.80905511811024,4.595,9.65282700839667,0,0,0
29,1,2,3,27.4565625,1.36599813432836,1.16169154228856,23.35,13.6237429391995,0.2853125,0,0.388512335296345
30,1,2,4,16.0396875,1.85215790993072,1.75866050808314,15.23,3.29003724302383,0,0,0
31,1,2,5,10.4296875,0.579427083333333,0.536111111111111,9.65,4.46967956156417,0.7646875,0.965,0.34778547684345
32,1,2,6,59.1940625,1.87917658730159,1.18333333333333,37.275,77.547781934519,0.2571875,0,0.335090111857268
33,1,2,7,33.0003125,1.04762896825397,1.02571428571429,32.31,8.48657972230654,0.183125,0.005,0.263309427933581
34,1,2,8,36.956875,1.28322482638889,1.18767361111111,34.205,12.7162630028662,0.095625,0,0.208913278813282
35,1,2,9,47.289375,1.6419921875,0.899131944444444,25.895,96.8801805004012,0.3278125,0.21,0.359701797416299
36,1,2,10,31.87375,1.01186507936508,0.955555555555555,30.1,7.88955199267749,0.195,0.09,0.244856771827282
37,1,2,11,133.121875,4.62228732638889,4.41545138888889,127.165,64.9805809422844,0,0,0
38,1,2,12,9.351875,1.22246732026144,1.17320261437909,8.975,2.08180975471793,0.044375,0,0.140113721093652
39,1,2,13,23.8234375,1.2905437432286,0.991061755146262,18.295,14.2354366123542,0.2225,0.035,0.275364860597014
40,1,2,14,11.784375,1.309375,0.952777777777778,8.575,13.9146886737396,0.176875,0.095,0.217840389927743
41,1,2,15,14.918125,0.753440656565657,0.553535353535354,10.96,10.830735964479,0.7059375,0.93,0.395799390168889
42,1,2,16,8.9990625,0.666597222222222,0.638518518518518,8.62,2.70006852884957,0.6878125,0.75,0.336238532602157
43,1,2,17,8.540625,0.948958333333333,0.938333333333333,8.445,2.13401928446104,0.2590625,0.125,0.293019424380904
44,1,2,18,11.3459375,0.969738247863248,0.853846153846154,9.99,5.85406550729574,0.31875,0.3,0.288251122595246
45,1,2,19,13.810625,0.613805555555555,0.571777777777778,12.865,5.38889834782823,0.8096875,0.89,0.279059299687245
46,1,2,20,10.0540625,0.657128267973856,0.650653594771242,9.955,1.97416680567091,0.701875,0.725,0.252272733877572
47,1,2,21,7.185,0.498958333333333,0.521527777777778,7.51,1.52724926668198,0.9515625,0.995,0.124488874357148
48,1,2,22,21.124375,0.869315843621399,0.739711934156379,17.975,9.50539606936417,0.4853125,0.54,0.403668535174991
49,1,2,23,14.943125,1.03771701388889,1.04618055555556,15.065,4.53833310133905,0.2075,0,0.308900234442627
50,1,2,24,4.2225,0.781944444444444,0.638888888888889,3.45,2.09485852936768,0.5784375,0.75,0.448776899634062
51,1,3,0,22.85,1.2513691128149,1.08351588170865,19.785,9.07641822207061,0.07375,0,0.124272074043595
52,1,3,1,24.2871875,2.30866801330798,2.04895437262357,21.555,10.5716975273071,0,0,0
53,1,3,2,5.358125,2.10949803149606,1.84842519685039,4.695,2.65363954269992,0,0,0
54,1,3,3,24.67375,1.22754975124378,1.10099502487562,22.13,10.0957572532292,0.2971875,0,0.411435209299852
55,1,3,4,17.68125,2.04171478060046,1.90588914549654,16.505,4.89712670859148,0,0,0
56,1,3,5,187.9003125,10.43890625,0.628888888888889,11.32,878.180261605835,0.643125,0.77,0.407022528503862
57,1,3,6,40.4809375,1.28510912698413,0.795873015873016,25.07,60.2623604432279,0.3996875,0.425,0.309395710450487
58,1,3,7,36.5996875,1.16189484126984,1.11015873015873,34.97,9.72712916716322,0.0946875,0,0.185036777076796
59,1,3,8,38.5071875,1.33705512152778,1.30729166666667,37.65,9.43169612713839,0.023125,0,0.0707306339618497
60,1,3,9,48.410625,1.68092447916667,1.62482638888889,46.795,25.4466642642492,0.118125,0,0.261748925499227
61,1,3,10,33.5115625,1.06385912698413,1.0252380952381,32.295,8.2466251589421,0.1571875,0,0.242197391837532
62,1,3,11,85.4971875,2.96865234375,2.37100694444444,68.285,54.9415662748879,0.0003125,0,0.00176776695296637
63,1,3,12,8.9725,1.17287581699346,1.08888888888889,8.33,2.18658077460472,0.0734375,0,0.163719062578592
64,1,3,13,22.539375,1.22098456121343,1.17091007583965,21.615,6.85893856995757,0.1121875,0,0.183649989241457
65,1,3,14,10.0709375,1.11899305555556,1.04666666666667,9.42,3.01946092109705,0.1359375,0,0.210741538306386
66,1,3,15,9.65375,0.487563131313131,0.464141414141414,9.19,2.80885896934635,0.9390625,01.04,0.203681588554609
67,1,3,16,8.4478125,0.625763888888889,0.624074074074074,8.425,1.88748635436213,0.7525,0.78,0.255809909263538
68,1,3,17,7.7125,0.856944444444444,0.842222222222222,7.58,1.54473716315294,0.3509375,0.33,0.268212233910675
69,1,3,18,13.7309375,1.1735844017094,0.905555555555556,10.595,8.17788692613275,0.2559375,0.195,0.260444525391592
70,1,3,19,12.616875,0.56075,0.522444444444444,11.755,3.33121835456736,0.8528125,0.99,0.251360611986175
71,1,3,20,10.2071875,0.667136437908497,0.679084967320261,10.39,1.56982890864557,0.691875,0.665,0.212381845709789
72,1,3,21,10.166875,0.706032986111111,0.576388888888889,8.3,7.98081790517011,0.7715625,0.88,0.330513865552689
73,1,3,22,19.1215625,0.786895576131687,0.693004115226337,16.84,8.38986335748432,0.5828125,0.64,0.397023070549291
74,1,3,23,14.4628125,1.00436197916667,0.969791666666667,13.965,4.32724544311968,0.241875,0.06,0.296086708093554
75,1,3,24,4.8334375,0.895081018518519,0.817592592592593,4.415,1.84231202809702,0.4246875,0.38,0.436924621645428
76,1,4,0,24.1703125,1.32367538335159,1.13691128148959,20.76,10.5505155001331,0.0453125,0,0.122315941381854
77,1,4,1,28.56125,2.71494771863118,2.00903041825095,21.135,22.3050247123682,0,0,0
78,1,4,2,8.049375,3.16904527559055,2.06889763779528,5.255,8.15407277515848,0,0,0
79,1,4,3,30.9046875,1.53754664179104,1.1318407960199,22.75,21.8557065677734,0.3025,0,0.420844006039476
80,1,4,4,18.96125,2.1895207852194,1.97344110854503,17.09,5.36381288913749,0,0,0
81,1,4,5,31.73625,1.763125,1.32638888888889,23.875,21.759654401608,0.344375,0.13,0.385444339314612
82,1,4,6,83.26,2.6431746031746,0.610793650793651,19.24,323.494438302891,0.704375,0.81,0.338182404494494
83,1,4,7,38.635625,1.22652777777778,1.13301587301587,35.69,13.4064262244978,0.1115625,0,0.187876235428299
84,1,4,8,38.605625,1.34047309027778,1.23003472222222,35.425,15.2616582486963,0.0403125,0,0.108404391501333
85,1,4,9,38.1978125,1.32631293402778,1.1734375,33.795,18.7059127678881,0.191875,0,0.308068252806252
86,1,4,10,39.7025,1.26039682539683,1.19269841269841,37.57,10.5735177410053,0.0540625,0,0.144932896041026
87,1,4,11,121.1884375,4.20793185763889,3.628125,104.49,60.5197449043392,0,0,0
88,1,4,12,8.471875,1.10743464052288,1.10980392156863,8.49,1.93729182024139,0.1103125,0,0.18113413983262
89,1,4,13,28.8778125,1.56434520585049,1.33802816901408,24.7,14.9603731914757,0.0378125,0,0.0956045070809611
90,1,4,14,13.5290625,1.50322916666667,1.19,10.71,8.34409211875626,0.043125,0,0.137850725716788
91,1,4,15,12.4775,0.630176767676768,0.578030303030303,11.445,3.46688388484064,0.7621875,0.88,0.298239288805309
92,1,4,16,8.2459375,0.610810185185185,0.61037037037037,8.24,1.85684411313494,0.7834375,0.81,0.256082262173701
93,1,4,17,7.65,0.85,0.751111111111111,6.76,2.18980334954475,0.4190625,0.515,0.311462309375132
94,1,4,18,12.4425,1.06346153846154,0.905128205128205,10.59,5.11649829851527,0.25625,0.195,0.286668854705328
95,1,4,19,15.1434375,0.673041666666667,0.604,13.59,11.4617837967054,0.75125,0.825,0.305959622046081
96,1,4,20,10.49875,0.686192810457516,0.672875816993464,10.295,2.03651148591361,0.65,0.68,0.272586180512607
97,1,4,21,8.3934375,0.582877604166667,0.549305555555555,7.91,1.58662679184895,0.8540625,0.935,0.214954749551711
98,1,4,22,18.3096875,0.753485082304527,0.618312757201646,15.025,9.09532509638171,0.6228125,0.79,0.409572825262551
99,1,4,23,10.48,0.727777777777778,0.735763888888889,10.595,4.55884818503463,0.5534375,0.55,0.411602763204305
100,1,4,24,5.5403125,1.0259837962963,0.930555555555555,5.025,2.50490806524363,0.35375,0.145,0.40513438630625
101,1,5,0,25.1978125,1.37994592004381,1.20947426067908,22.085,10.5405367233041,0.0453125,0,0.124226234178069
102,1,5,1,23.0015625,2.18646031368821,1.99429657794677,20.98,10.2288476030436,0,0,0
103,1,5,2,6.7159375,2.64406988188976,2.26574803149606,5.755,3.61063917080815,0,0,0
104,1,5,3,29.3590625,1.46064987562189,1.19975124378109,24.115,17.1562527601502,0.25375,0,0.39788756719585
105,1,5,4,20.6665625,2.38643908775982,2.29272517321016,19.855,5.99538349784985,0,0,0
106,1,5,5,43.50875,2.41715277777778,2.14138888888889,38.545,30.6126805636214,0.1596875,0,0.261724853985151
107,1,5,6,43.169375,1.37045634920635,1.00698412698413,31.72,38.8412600653962,0.31625,0,0.415503969159257
108,1,5,7,38.72625,1.22940476190476,1.20031746031746,37.81,9.04338137945058,0.04625,0,0.120154470471113
109,1,5,8,29.4175,1.02144097222222,0.963541666666667,27.75,11.2953019066022,0.1996875,0.08,0.240342287836703
110,1,5,9,34.873125,1.21087239583333,1.07152777777778,30.86,17.2591440817754,0.2353125,0,0.346745089738939
111,1,5,10,34.2746875,1.08808531746032,0.966031746031746,30.43,9.96966398125802,0.1671875,0.075,0.207259139259169
112,1,5,11,89.75125,3.11636284722222,3.01701388888889,86.89,34.1776379211754,0,0,0
113,1,5,12,8.578125,1.12132352941176,1.05816993464052,8.095,2.33060346262508,0.0965625,0,0.185152236838909
114,1,5,13,27.0996875,1.46802207475623,1.23320693391116,22.765,11.3162465236078,0.044375,0,0.11443937682346
115,1,5,14,11.7325,1.30361111111111,1.07222222222222,9.65,10.422841232353,0.0475,0,0.0944252563261444
116,1,5,15,13.0084375,0.656991792929293,0.587626262626263,11.635,4.81076689572463,0.6921875,0.86,0.385735446488159
117,1,5,16,9.630625,0.71337962962963,0.646296296296296,8.725,5.21254376480428,0.701875,0.735,0.260402139379745
118,1,5,17,7.379375,0.819930555555556,0.815,7.335,1.70461600538258,0.40875,0.385,0.330002443783718
119,1,5,18,19.18,1.63931623931624,1.5008547008547,17.56,9.08382788433698,0.079375,0,0.15916997406911
120,1,5,19,14.3296875,0.636875,0.633777777777778,14.26,3.42474909311711,0.7296875,0.765,0.264849127776308
121,1,5,20,9.805,0.640849673202614,0.640849673202614,9.805,2.14254295699775,0.726875,0.745,0.24686992134425
122,1,5,21,7.8740625,0.546809895833333,0.545138888888889,7.85,1.9369894488613,0.889375,0.95,0.217729300708694
123,1,5,22,21.9240625,0.902224794238683,0.788888888888889,19.17,9.24506280073403,0.42375,0.44,0.373006529390227
124,1,5,23,11.893125,0.825911458333333,0.803125,11.565,2.90054993395301,0.4121875,0.41,0.250273841956649
125,1,5,24,4.3084375,0.797858796296296,0.72037037037037,3.89,1.37206721685953,0.5153125,0.58,0.353544123951516
126,2,1,0,15.2378125,0.712047313084112,0.655140186915888,14.02,3.77627802282157,0.6346875,0.745,0.306877976958164
127,2,1,1,26.44375,1.95300960118168,1.5417282127031,20.875,22.4970737523651,0.015625,0,0.0497696305896704
128,2,1,2,5.02625,2.32696759259259,2.27314814814815,4.91,1.09900174645433,0,0,0
129,2,1,3,18.3196875,0.91142723880597,0.876119402985075,17.61,7.14169334052935,0.509375,0.48,0.438280639949837
130,2,1,4,23.4015625,2.36379419191919,2.31666666666667,22.935,4.53057719699193,0,0,0
131,2,1,5,39.634375,2.20190972222222,2.23722222222222,40.27,18.1104501890038,0.008125,0,0.0459619407771256
132,2,1,6,25.3559375,0.804950396825397,0.766349206349206,24.14,12.4800229681796,0.504375,0.465,0.325208989876932
133,2,1,7,18.076875,0.573869047619048,0.541587301587302,17.06,5.37873917202212,0.78,0.915,0.262678510731274
134,2,1,8,23.309375,0.809353298611111,0.769444444444444,22.16,5.39577788197521,0.41375,0.46,0.282177592215234
135,2,1,9,96.6815625,3.35699869791667,1.03263888888889,29.74,293.533697753486,0.18625,0,0.269835672813252
136,2,1,10,34.6421875,1.09975198412698,0.972063492063492,30.62,11.7703053744952,0.175,0.055,0.243403289399142
137,2,1,11,118.2078125,4.10443793402778,3.15416666666667,90.84,84.4473423533527,0,0,0
138,2,1,12,10.18125,1.33088235294118,1.29869281045752,9.935,2.27758750407304,0.0175,0,0.0561104900778294
139,2,1,13,26.2846875,1.42387256229686,1.29035752979415,23.82,12.7015429553886,0.0546875,0,0.132956077515799
140,2,1,14,11.958125,1.32868055555556,1.20333333333333,10.83,6.27609619650161,0.0725,0,0.133682338930524
141,2,1,15,33.9571875,2.09612268518519,2.12283950617284,34.39,4.93824393129785,0,0,0
142,2,1,16,11.925625,0.88337962962963,0.792962962962963,10.705,5.31363792367065,0.3959375,0.415,0.303717391718449
143,2,1,17,10.9809375,1.22010416666667,1.15722222222222,10.415,3.14958200951768,0.0621875,0,0.135402253161793
144,2,1,18,23.5440625,2.01231303418803,1.55384615384615,18.18,14.6545969578139,0.031875,0,0.0982241511593139
145,2,1,19,15.77125,0.700944444444444,0.67,15.075,3.79274753588579,0.588125,0.66,0.321502897192585
146,2,1,20,18.3125,1.1968954248366,1.18104575163399,18.07,5.74954584461719,0.149375,0,0.251613342638161
147,2,1,21,23.375,1.62326388888889,1.61666666666667,23.28,16.2351367261298,0.3859375,0,0.458038309251459
148,2,1,22,43.745625,1.7359375,0.986904761904762,24.87,35.0550300967015,0.2675,0.025,0.313811120508561
149,2,1,23,7.6134375,0.5287109375,0.51875,7.47,1.81301852983254,0.86875,0.96,0.18003135927549
150,2,1,24,2.9578125,0.547743055555555,0.511111111111111,2.76,0.939003364503231,0.844375,0.98,0.242499584302936
151,2,2,0,20.6884375,0.966749415887851,0.762616822429907,16.32,11.6764165706544,0.451875,0.51,0.349427527213002
152,2,2,1,21.2521875,1.56958548744461,1.37001477104874,18.55,11.3187086731758,0.0246875,0,0.0601602363048722
153,2,2,2,5.4521875,2.52416087962963,2.3912037037037,5.165,1.4444615792856,0,0,0
154,2,2,3,30.0115625,1.49311256218905,0.896517412935323,18.02,27.668230309284,0.46,0.4,0.45154930427756
155,2,2,4,25.6215625,2.58803661616162,2.50050505050505,24.755,6.39792260103785,0,0,0
156,2,2,5,45.5621875,2.53123263888889,1.73861111111111,31.295,35.9865285488329,0.3503125,0.23,0.374669612523337
157,2,2,6,20.0740625,0.637271825396825,0.611269841269841,19.255,5.42890701254004,0.70125,0.775,0.311352408984811
158,2,2,7,16.793125,0.533115079365079,0.501587301587302,15.8,4.35337054253887,0.8634375,1,0.21273350548242
159,2,2,8,24.554375,0.852582465277778,0.793055555555556,22.84,9.15903958111259,0.423125,0.41,0.323712711141899
160,2,2,9,26.46375,0.918880208333333,0.788888888888889,22.72,13.894500826795,0.4009375,0.425,0.314718095823405
161,2,2,10,33.9296875,1.07713293650794,1.02079365079365,32.155,10.9624183476196,0.1690625,0,0.242584995081538
162,2,2,11,89.5121875,3.10806206597222,2.89027777777778,83.24,29.8068814023113,0,0,0
163,2,2,12,10.1584375,1.32790032679739,1.36470588235294,10.44,1.74859041733067,0.003125,0,0.0122967344209491
164,2,2,13,31.5034375,1.7065784127844,1.40845070422535,26,17.6879710555079,0.085625,0,0.168406909290487
165,2,2,14,12.4928125,1.38809027777778,1.25666666666667,11.31,6.14405048407046,0.0234375,0,0.104220899860546
166,2,2,15,37.40125,2.30871913580247,2.13240740740741,34.545,11.3284696315764,0,0,0
167,2,2,16,12.7465625,0.944189814814815,0.836296296296296,11.29,4.79148007934985,0.3296875,0.325,0.286643359111249
168,2,2,17,11.8753125,1.31947916666667,1.21388888888889,10.925,3.87403347727721,0.0365625,0,0.11915317804704
169,2,2,18,19.448125,1.66223290598291,1.48717948717949,17.4,8.82440400527917,0.0390625,0,0.112661622254574
170,2,2,19,19.9190625,0.885291666666667,0.818222222222222,18.41,6.66197701905518,0.369375,0.365,0.330892610003365
171,2,2,20,17.6440625,1.15320669934641,1.10947712418301,16.975,5.6963581231288,0.16125,0,0.20455695634003
172,2,2,21,23.540625,1.634765625,1.43888888888889,20.72,15.9100941659994,0.2853125,0,0.387056588135837
173,2,2,22,39.9534375,1.58545386904762,1.40595238095238,35.43,21.76532572537,0.0775,0,0.194256232515118
174,2,2,23,9.049375,0.628428819444444,0.576041666666667,8.295,3.11562445198494,0.7453125,0.845,0.305434480329568
175,2,2,24,03.01,0.557407407407407,0.532407407407407,2.875,0.807505118329929,0.8275,0.935,0.241594167842446
176,2,3,0,21.26,0.993457943925234,0.860046728971963,18.405,6.37932952286448,0.256875,0.305,0.270655566142415
177,2,3,1,31.1009375,2.29696731905465,1.85155096011817,25.07,25.6232480577351,0.00875,0,0.0279111493504749
178,2,3,2,5.606875,2.59577546296296,2.48148148148148,5.36,1.1712288487435,0,0,0
179,2,3,3,36.7834375,1.83002176616915,1.5271144278607,30.695,24.4699624436975,0.128125,0,0.30639882822146
180,2,3,4,29.5853125,2.9884154040404,2.67979797979798,26.53,12.0089300064241,0,0,0
181,2,3,5,28.5846875,1.58803819444444,1.07611111111111,19.37,19.1183993432395,0.326875,0.05,0.379884850974608
182,2,3,6,19.1840625,0.609017857142857,0.598571428571429,18.855,4.86456566331897,0.754375,0.805,0.26289869875382
183,2,3,7,16.631875,0.527996031746032,0.51984126984127,16.375,4.46784673366084,0.8509375,0.96,0.189929687753975
184,2,3,8,34.98875,1.21488715277778,0.986284722222222,28.405,39.4702180702885,0.195,0.03,0.245185907083295
185,2,3,9,59.4196875,2.06318359375,0.896875,25.83,166.931734695013,0.2728125,0.205,0.28657301467852
186,2,3,10,40.33625,1.28051587301587,1.21952380952381,38.415,10.7278235624518,0.0471875,0,0.114757370274236
187,2,3,11,58.0315625,2.01498480902778,1.8109375,52.155,18.3045607060407,0,0,0
188,2,3,12,12.739375,1.66527777777778,1.39019607843137,10.635,6.19672542948186,0.0025,0,0.014142135623731
189,2,3,13,39.426875,2.13580037919827,1.79171180931744,33.075,19.6243996312523,0.0159375,0,0.0627262035588256
190,2,3,14,11.825,1.31388888888889,1.23388888888889,11.105,3.51084770574048,0.0134375,0,0.0490956521956489
191,2,3,15,46.7278125,2.88443287037037,2.37932098765432,38.545,28.1042509394386,0,0,0
192,2,3,16,15.54625,1.15157407407407,1.09703703703704,14.81,5.11381856566897,0.13,0,0.180536833879119
193,2,3,17,12.124375,1.34715277777778,1.23555555555556,11.12,4.18825310993775,0.0803125,0,0.17060583462019
194,2,3,18,117.26,10.0222222222222,1.95683760683761,22.895,513.222621091471,0.0190625,0,0.0705443980538086
195,2,3,19,19.77125,0.878722222222222,0.825555555555555,18.575,7.05653426311044,0.3815625,0.345,0.338765399602353
196,2,3,20,13.6475,0.891993464052288,0.890522875816993,13.625,3.44105666441893,0.3090625,0.215,0.318467695986731
197,2,3,21,20.715,1.43854166666667,1.62708333333333,23.43,11.9010479343411,0.3103125,0,0.402496117993702
198,2,3,22,49.050625,1.94645337301587,1.34424603174603,33.875,49.196373846014,0.023125,0,0.0743764400782242
199,2,3,23,10.2203125,0.709743923611111,0.609375,8.775,6.403849892649,0.6815625,0.78,0.307844843355618
200,2,3,24,2.9146875,0.539756944444444,0.514814814814815,2.78,0.718250492628644,0.853125,0.97,0.205652972653668
201,2,4,0,22.2490625,1.03967581775701,0.943457943925234,20.19,9.17005834553324,0.2271875,0.12,0.252985201339474
202,2,4,1,23.76625,1.75526218611521,1.49556868537666,20.25,11.5411655222903,0.011875,0,0.0503175400701354
203,2,4,2,5.32125,2.46354166666667,2.15277777777778,4.65,1.9538758008536,0,0,0
204,2,4,3,31.6703125,1.57563743781095,1.29129353233831,25.955,17.3613193501131,0.18375,0,0.349882468745554
205,2,4,4,29.8084375,3.01095328282828,2.77626262626263,27.485,7.81445893504986,0,0,0
206,2,4,5,54.89125,3.04951388888889,2.18694444444444,39.365,48.6067266518375,0.3509375,0.05,0.418671935429316
207,2,4,6,18.2046875,0.577926587301587,0.542222222222222,17.08,5.20504345020754,0.8125,0.92,0.250689372112825
208,2,4,7,17.124375,0.543630952380952,0.511428571428572,16.11,5.28674418833588,0.8190625,0.975,0.243752377986746
209,2,4,8,29.580625,1.02710503472222,1.00868055555556,29.05,8.59886636845699,0.228125,0.03,0.295323087154478
210,2,4,9,30.406875,1.05579427083333,0.988715277777778,28.475,12.9163633245685,0.2,0.04,0.264794503402654
211,2,4,10,39.2428125,1.24580357142857,1.22111111111111,38.465,11.0958598016514,0.0784375,0,0.158360743241499
212,2,4,11,81.8403125,2.84167751736111,2.61927083333333,75.435,34.6742439026689,0,0,0
213,2,4,12,10.095,1.31960784313725,1.26993464052288,9.715,2.09249503795612,0.0171875,0,0.0696180536003182
214,2,4,13,32.649375,1.76865520043337,1.56175514626219,28.83,17.7491130060068,0.0525,0,0.108091956073252
215,2,4,14,12.5528125,1.39475694444444,1.34722222222222,12.125,2.95468379878566,0.0109375,0,0.060073040220138
216,2,4,15,51.02875,3.14992283950617,2.30833333333333,37.395,27.1016000896507,0,0,0
217,2,4,16,15.4771875,1.14645833333333,1.08333333333333,14.625,6.11098916779198,0.2125,0,0.293070507865676
218,2,4,17,11.20875,1.24541666666667,1.22444444444444,11.02,2.6846418034634,0.0471875,0,0.119737195422901
219,2,4,18,51.3928125,4.39254807692308,2.71068376068376,31.715,99.813468521469,0,0,0
220,2,4,19,21.9659375,0.976263888888889,0.892666666666667,20.085,8.2596070590653,0.2928125,0.215,0.304919178873946
221,2,4,20,15.3415625,1.00271650326797,0.97875816993464,14.975,2.70504440292099,0.1384375,0.045,0.182776249162916
222,2,4,21,29.4284375,2.04364149305556,1.66006944444444,23.905,22.2743341538186,0.18,0,0.316390938249583
223,2,4,22,35.660625,1.41510416666667,1.26785714285714,31.95,14.704935080639,0.074375,0,0.157990148733312
224,2,4,23,12.2303125,0.849327256944444,0.647916666666667,9.33,8.26788871297632,0.585,0.705,0.309307238424734
225,2,4,24,3.1596875,0.585127314814815,0.55,2.97,0.902878852213404,0.7771875,0.9,0.276198086641664
226,2,5,0,23.2590625,1.08687207943925,0.957476635514019,20.49,10.8896341238265,0.229375,0.095,0.282750745128935
227,2,5,1,25.45,1.87961595273264,1.59010339734121,21.53,12.9837312595168,0.0053125,0,0.028282489168183
228,2,5,2,5.216875,2.41521990740741,2.30092592592593,4.97,1.95830643998921,0,0,0
229,2,5,3,63.32875,3.15068407960199,3.06069651741293,61.52,35.2417821809613,0.0409375,0,0.183379728977878
230,2,5,4,28.1525,2.84368686868687,2.52424242424242,24.99,10.1217708510562,0,0,0
231,2,5,5,26.5625,1.47569444444444,1.01555555555556,18.28,20.4198067982393,0.4521875,0.27,0.469397241322625
232,2,5,6,51.9065625,1.64782738095238,0.566984126984127,17.86,127.994125611405,0.700625,0.87,0.368185940927644
233,2,5,7,19.0115625,0.603541666666667,0.604126984126984,19.03,3.27629522220824,0.7784375,0.795,0.189108423841303
234,2,5,8,32.1109375,1.11496310763889,1.02517361111111,29.525,14.0473518017144,0.1859375,0,0.262775009552205
235,2,5,9,235.8503125,8.18924696180556,2.22135416666667,63.975,275.987302366687,0.1584375,0,0.314561747105295
236,2,5,10,35.4509375,1.12542658730159,1.10444444444444,34.79,9.90211458660676,0.1215625,0,0.206649295792686
237,2,5,11,57.2340625,1.98729383680556,1.91875,55.26,21.8232147567344,0.008125,0,0.0459619407771256
238,2,5,12,10.05,1.31372549019608,1.27581699346405,9.76,2.31622607398467,0.0321875,0,0.112098297158371
239,2,5,13,31.7284375,1.71876692849404,1.54604550379198,28.54,11.633046395832,0.020625,0,0.0796337381896927
240,2,5,14,12.271875,1.36354166666667,1.31222222222222,11.81,2.79130844275237,0.0046875,0,0.0150235030921982
241,2,5,15,45.053125,2.78105709876543,2.48703703703704,40.29,18.4602705808814,0,0,0
242,2,5,16,14.35875,1.06361111111111,1.0337037037037,13.955,3.86602717644771,0.1415625,0,0.248869824438659
243,2,5,17,12.63875,1.40430555555556,1.33,11.97,4.56225167242894,0.0409375,0,0.112260048763516
244,2,5,18,36.396875,3.11084401709402,2.14401709401709,25.085,24.2693540243259,0,0,0
245,2,5,19,20.3915625,0.906291666666667,0.832222222222222,18.725,8.84188350587428,0.3571875,0.335,0.327288314990059
246,2,5,20,14.7090625,0.961376633986928,0.894117647058823,13.68,4.16587005153669,0.2421875,0.21,0.235765525606515
247,2,5,21,24.416875,1.69561631944444,1.71736111111111,24.73,11.4597816894986,0.1246875,0,0.249256758086141
248,2,5,22,51.035,2.02519841269841,1.3297619047619,33.51,39.5601541143154,0.105625,0,0.23819126903638
249,2,5,23,10.728125,0.745008680555556,0.706597222222222,10.175,3.44300547393529,0.54,0.585,0.386990039048269
250,2,5,24,3.3303125,0.616724537037037,0.581481481481481,3.14,0.766232864356101,0.75125,0.835,0.259326049597799
251,3,1,0,14.54875,0.843895011600928,0.819895591647332,14.135,4.86658040503901,0.3615625,0.315,0.291670487686185
252,3,1,1,12.6659375,0.493991322152886,0.420631825273011,10.785,5.40433628724612,0.6984375,0.79,0.252575244298126
253,3,1,2,9.6671875,2.47876602564103,2.08974358974359,8.15,3.95466587175934,0,0,0
254,3,1,3,24.9440625,2.30963541666667,1.73240740740741,18.71,25.0429142459789,0.054375,0,0.14753758405802
255,3,1,4,32.728125,3.30587121212121,3.28686868686869,32.54,8.62417623462128,0,0,0
256,3,1,5,26.2603125,1.45890625,1.3125,23.625,8.53542919319801,0.03375,0,0.101940843060429
257,3,1,6,31.53375,1.00107142857143,0.972698412698413,30.64,6.2899119179432,0.1584375,0.055,0.213588530787285
258,3,1,7,29.7990625,0.946001984126984,0.906507936507936,28.555,6.06963960208459,0.2378125,0.195,0.244958645291865
259,3,1,8,34.3234375,1.19178602430556,1.04548611111111,30.11,14.4760301565292,0.18125,0,0.261049371180144
260,3,1,9,178.6796875,6.20415581597222,1.86701388888889,53.77,370.699712875132,0.0484375,0,0.16473065748709
261,3,1,10,30.959375,0.982837301587302,0.867936507936508,27.34,16.0070619369964,0.3246875,0.275,0.334162258973961
262,3,1,11,50.73625,1.76167534722222,1.56961805555556,45.205,20.9856309903828,0.0475,0,0.127860811419192
263,3,1,12,10.686875,1.39697712418301,1.34183006535948,10.265,1.97293532340079,0.0021875,0,0.0123743686707646
264,3,1,13,22.5625,1.22223726977248,1.19393282773564,22.04,7.20017024888323,0.114375,0,0.187219682932696
265,3,1,14,22.5625,1.22223726977248,1.19393282773564,22.04,7.20017024888323,0.114375,0,0.187219682932696
266,3,1,15,22.5625,1.22223726977248,1.19393282773564,22.04,7.20017024888323,0.114375,0,0.187219682932696
267,3,1,16,11.144375,0.825509259259259,0.807037037037037,10.895,3.98228815527115,0.4471875,0.4,0.273864039437043
268,3,1,17,10.426875,1.15854166666667,1.09111111111111,9.82,2.76111295641169,0.0715625,0,0.10937091006178
269,3,1,18,176.8090625,15.1118856837607,1.47905982905983,17.305,884.024520205689,0.0071875,0,0.0406586399182265
270,3,1,19,15.43375,1.31912393162393,1.21025641025641,14.16,3.66215673278519,0.0225,0,0.0674417311223117
271,3,1,20,13.883125,0.907393790849673,0.866339869281046,13.255,3.07934265869802,0.2825,0.28,0.228994999241074
272,3,1,21,16.7740625,1.16486545138889,0.930555555555556,13.4,10.533735317441,0.3334375,0.145,0.423164799552899
273,3,1,22,29.806875,1.22662037037037,0.753909465020576,18.32,37.5406773305369,0.4553125,0.515,0.419192652414984
274,3,1,23,31.9640625,2.2197265625,0.767013888888889,11.045,77.2713808331839,0.4753125,0.485,0.359345142518461
275,3,1,24,2.855,0.528703703703704,0.489814814814815,2.645,0.773045923603508,0.8946875,01.04,0.224240429363865
276,3,2,0,21.5584375,1.25048941415313,1.00812064965197,17.38,12.3647790920812,0.1496875,0,0.211758906961241
277,3,2,1,10.2140625,0.398364372074883,0.382605304212169,9.81,2.47118080613558,0.818125,0.84,0.13066671466973
278,3,2,2,13.2271875,3.39158653846154,2.51666666666667,9.815,10.3465419606917,0,0,0
279,3,2,3,32.6690625,3.02491319444444,2.48796296296296,26.87,19.9323678018823,0,0,0
280,3,2,4,31.5653125,3.1884154040404,2.87373737373737,28.45,9.56190795658279,0,0,0
281,3,2,5,24.31875,1.35104166666667,1.20722222222222,21.73,11.391654203138,0.0428125,0,0.102240525233393
282,3,2,6,91.4353125,2.90270833333333,1.8347619047619,57.795,85.8835562384166,0.03125,0,0.103666649379385
283,3,2,7,25.9475,0.823730158730159,0.78031746031746,24.58,4.43447418419846,0.3909375,0.455,0.234855609381732
284,3,2,8,41.1875,1.43012152777778,1.28385416666667,36.975,15.7773310225002,0.0690625,0,0.167685561634403
285,3,2,9,31.7075,1.10095486111111,0.941319444444444,27.11,13.9228985209908,0.2521875,0.12,0.309346182268136
286,3,2,10,29.4415625,0.934652777777778,0.894126984126984,28.165,10.1404921651174,0.34,0.22,0.365954342295813
287,3,2,11,62.86125,2.18268229166667,2.10381944444444,60.59,26.3407832629029,0.0084375,0,0.047729707730092
288,3,2,12,10.694375,1.39795751633987,1.3437908496732,10.28,2.86250052824337,0.0184375,0,0.0551893733927454
289,3,2,13,24.770625,1.34185400866739,1.2034127843987,22.215,10.4199216570332,0.090625,0,0.222999168232211
290,3,2,14,24.770625,1.34185400866739,1.2034127843987,22.215,10.4199216570332,0.090625,0,0.222999168232211
291,3,2,15,24.770625,1.34185400866739,1.2034127843987,22.215,10.4199216570332,0.090625,0,0.222999168232211
292,3,2,16,11.3190625,0.838449074074074,0.781111111111111,10.545,3.09109998103296,0.4146875,0.46,0.290438871198787
293,3,2,17,10.7628125,1.19586805555556,1.17555555555556,10.58,2.37111275683911,0.0534375,0,0.133841730678319
294,3,2,18,20.2165625,1.72791132478632,1.40811965811966,16.475,10.9729490285458,0.0540625,0,0.160057638307721
295,3,2,19,14.523125,1.24129273504274,1.17777777777778,13.78,4.06633419560205,0.0390625,0,0.10224446905145
296,3,2,20,14.64375,0.957107843137255,0.942156862745098,14.415,4.36456830071577,0.260625,0.12,0.303165423809425
297,3,2,21,21.3090625,1.47979600694444,1.38819444444444,19.99,13.1908412408432,0.2934375,0,0.427427483945825
298,3,2,22,50.166875,2.0644804526749,1.23333333333333,29.97,43.0728486769236,0.2140625,0,0.301981193336658
299,3,2,23,11.84625,0.82265625,0.800347222222222,11.525,3.87198936115574,0.45625,0.42,0.38669609639579
300,3,2,24,2.9159375,0.539988425925926,0.506481481481481,2.735,0.833766654812616,0.8884375,01.03,0.236889921012734
301,3,3,0,19.674375,1.14120504640371,1.0872969837587,18.745,6.2510050482225,0.0771875,0,0.126420557102334
302,3,3,1,12.99125,0.506679017160686,0.376560062402496,9.655,9.19391269510219,0.733125,0.845,0.282790672611614
303,3,3,2,9.51,2.43846153846154,2.46666666666667,9.62,2.57965614112649,0,0,0
304,3,3,3,35.1321875,3.25298032407407,2.28287037037037,24.655,35.330746432075,0.0109375,0,0.0618718433538229
305,3,3,4,31.5940625,3.19131944444444,3.07424242424242,30.435,9.09861629301844,0,0,0
306,3,3,5,58.279375,3.23774305555556,3.07138888888889,55.285,39.7494740024034,0.0303125,0,0.131774107178082
307,3,3,6,50.185625,1.59319444444444,1.06222222222222,33.46,34.9889359413294,0.1671875,0,0.258522281750124
308,3,3,7,24.4046875,0.774751984126984,0.744761904761905,23.46,5.70763042430779,0.493125,0.53,0.31206324317666
309,3,3,8,28.2346875,0.98037109375,0.942708333333333,27.15,7.24501696802261,0.1884375,0.12,0.211005417680027
310,3,3,9,48.1,1.67013888888889,1.04947916666667,30.225,77.9911781611724,0.16,0,0.235550145335854
311,3,3,10,34.0909375,1.08225198412698,1.0115873015873,31.865,10.9208694441112,0.1796875,0.01,0.270405721152971
312,3,3,11,64.588125,2.24264322916667,1.83072916666667,52.725,29.940701549466,0,0,0
313,3,3,12,11.04875,1.44428104575163,1.39019607843137,10.635,2.52871604548824,0.01375,0,0.0609997355890621
314,3,3,13,33.0815625,1.79206730769231,1.30146262188516,24.025,22.4763299307796,0.05375,0,0.151992147505145
315,3,3,14,33.0815625,1.79206730769231,1.30146262188516,24.025,22.4763299307796,0.05375,0,0.151992147505145
316,3,3,15,33.0815625,1.79206730769231,1.30146262188516,24.025,22.4763299307796,0.05375,0,0.151992147505145
317,3,3,16,11.4846875,0.850717592592593,0.833333333333333,11.25,2.82118024303831,0.3840625,0.345,0.33077484179989
318,3,3,17,10.8196875,1.2021875,1.16444444444444,10.48,2.26165723476849,0.0525,0,0.106407615541188
319,3,3,18,21.3809375,1.82743055555556,1.55470085470085,18.19,10.1258612885363,0.0190625,0,0.0768055515046633
320,3,3,19,44.09625,3.76891025641026,1.27008547008547,14.86,161.405246941735,0.0321875,0,0.0793414172035701
321,3,3,20,14.560625,0.951674836601307,0.899673202614379,13.765,3.62173006021049,0.250625,0.21,0.257943948650014
322,3,3,21,15.205,1.05590277777778,0.908333333333333,13.08,9.09889075125236,0.3890625,0.19,0.433815475675412
323,3,3,22,48.670625,2.00290637860082,1.43374485596708,34.84,38.6192210156399,0.1921875,0,0.319906582886619
324,3,3,23,10.0584375,0.698502604166667,0.665277777777778,9.58,2.6014637435242,0.6409375,0.695,0.317503968733133
325,3,3,24,3.071875,0.568865740740741,0.557407407407407,03.01,0.653686506199338,0.853125,0.92,0.201581449159295
326,3,4,0,19.388125,1.12460121809745,0.985208816705337,16.985,8.82809022473882,0.1503125,0.025,0.192563091881177
327,3,4,1,10.7215625,0.418157663806552,0.363299531981279,9.315,5.42810494429597,0.8053125,0.865,0.226558891795517
328,3,4,2,9.6809375,2.48229166666667,2.17948717948718,8.5,4.75633591652297,0.01,0,0.0565685424949238
329,3,4,3,25.4778125,2.35905671296296,2.08055555555556,22.47,12.466241830763,0.0325,0,0.183847763108502
330,3,4,4,42.655,4.30858585858586,3.6969696969697,36.6,26.8893559706462,0,0,0
331,3,4,5,52.8721875,2.93734375,2.81138888888889,50.605,25.7006193893448,0,0,0
332,3,4,6,68.1415625,2.16322420634921,1.93190476190476,60.855,47.9398951046112,0.0859375,0,0.180819984889624
333,3,4,7,31.4075,0.997063492063492,0.933333333333333,29.4,7.00254423809315,0.1884375,0.14,0.237216511624079
334,3,4,8,31.9446875,1.10919053819444,0.988194444444444,28.46,12.1811205015543,0.1871875,0.04,0.231840244982506
335,3,4,9,48.64,1.68888888888889,1.27864583333333,36.825,30.2847128475418,0.1278125,0,0.251071694875671
336,3,4,10,38.2209375,1.2133630952381,1.09650793650794,34.54,12.70579455295,0.114375,0,0.179118585696559
337,3,4,11,74.7809375,2.59656032986111,2.53125,72.9,51.5287954172932,0.0021875,0,0.0123743686707646
338,3,4,12,11.4978125,1.50298202614379,1.44444444444444,11.05,3.40459910422415,0,0,0
339,3,4,13,31.17625,1.68885427952329,1.47778981581798,27.28,13.9728016333114,0.0409375,0,0.14170299186406
340,3,4,14,31.17625,1.68885427952329,1.47778981581798,27.28,13.9728016333114,0.0409375,0,0.14170299186406
341,3,4,15,31.17625,1.68885427952329,1.47778981581798,27.28,13.9728016333114,0.0409375,0,0.14170299186406
342,3,4,16,11.9346875,0.884050925925926,0.791851851851852,10.69,3.39131146425401,0.37125,0.435,0.30550592623997
343,3,4,17,11.0646875,1.22940972222222,1.11388888888889,10.025,3.37680798347464,0.0996875,0,0.209723079705812
344,3,4,18,18.4096875,1.57347756410256,1.25897435897436,14.73,10.7433104420394,0.0759375,0,0.158640583324127
345,3,4,19,16.3915625,1.40098824786325,1.31752136752137,15.415,6.48550896322692,0.025625,0,0.0876553919729727
346,3,4,20,18.0775,1.18153594771242,0.959477124183006,14.68,14.3699648685228,0.2884375,0.085,0.334182771847981
347,3,4,21,15.0028125,1.04186197916667,0.896875,12.915,8.74006689070697,0.375,0.215,0.412576483622988
348,3,4,22,42.17625,1.73564814814815,1.19135802469136,28.95,31.5072813653012,0.2540625,0,0.377229795414396
349,3,4,23,13.31375,0.924565972222222,0.831944444444444,11.98,5.65440892778199,0.393125,0.35,0.36244187520653
350,3,4,24,3.2884375,0.608969907407407,0.565740740740741,3.055,1.53263447944402,0.8246875,0.9,0.296397557508111
351,3,5,0,22.4171875,1.30030089907193,1.14849187935035,19.8,8.53787698714268,0.0596875,0,0.120469093212138
352,3,5,1,9.535,0.371879875195008,0.349258970358814,8.955,2.43890112749111,0.851875,0.885,0.128726704751303
353,3,5,2,8.596875,2.20432692307692,2.19615384615385,8.565,2.0480808286406,0,0,0
354,3,5,3,33.1140625,3.06611689814815,2.32037037037037,25.06,24.9437421021884,0.0465625,0,0.197950944965926
355,3,5,4,32.5546875,3.28835227272727,3.33737373737374,33.04,5.34450757221993,0,0,0
356,3,5,5,58.17625,3.23201388888889,3.18083333333333,57.255,30.0333718418953,0.00125,0,0.00707106781186548
357,3,5,6,239.683125,7.60898809523809,2.79095238095238,87.915,379.476649818749,0,0,0
358,3,5,7,29.1271875,0.924672619047619,0.895873015873016,28.22,6.34309033992768,0.250625,0.215,0.249566559742958
359,3,5,8,42.4471875,1.47386067708333,1.22048611111111,35.15,34.277786678498,0.074375,0,0.157560792159111
360,3,5,9,316.6709375,10.9955186631944,1.19444444444444,34.4,697.920010308786,0.159375,0,0.255304214488292
361,3,5,10,37.425625,1.18811507936508,1.07428571428571,33.84,14.7697576666734,0.1446875,0,0.249192041179282
362,3,5,11,72.319375,2.51108940972222,2.50538194444444,72.155,38.2625195987978,0.0003125,0,0.00176776695296637
363,3,5,12,11.2975,1.47679738562091,1.39934640522876,10.705,3.24017621981951,0.0021875,0,0.00870089910074185
364,3,5,13,29.775,1.61294691224269,1.43797399783315,26.545,12.5383051794967,0.0140625,0,0.0658864798407568
365,3,5,14,29.775,1.61294691224269,1.43797399783315,26.545,12.5383051794967,0.0140625,0,0.0658864798407568
366,3,5,15,29.775,1.61294691224269,1.43797399783315,26.545,12.5383051794967,0.0140625,0,0.0658864798407568
367,3,5,16,12.3846875,0.917384259259259,0.856666666666667,11.565,3.51350297068325,0.3021875,0.3,0.274681450399455
368,3,5,17,11.0534375,1.22815972222222,1.13888888888889,10.25,3.03365382737629,0.054375,0,0.11516993055145
369,3,5,18,20.514375,1.75336538461538,1.2534188034188,14.665,13.94527667464,0.046875,0,0.123116454181895
370,3,5,19,17.1184375,1.46311431623932,1.47692307692308,17.28,3.87680955407257,0.015625,0,0.0667173866201259
371,3,5,20,17.185,1.12320261437908,1.01764705882353,15.57,7.35347010469514,0.121875,0,0.20360362345467
372,3,5,21,13.4675,0.935243055555556,0.860416666666667,12.39,6.08536637113722,0.4109375,0.29,0.409762790349293
373,3,5,22,33.3128125,1.37089763374486,0.902880658436214,21.94,32.5593524777469,0.3221875,0.205,0.362364407343875
374,3,5,23,12.5128125,0.8689453125,0.873958333333333,12.585,3.63613782553554,0.37125,0.26,0.3508308111676
375,3,5,24,2.9425,0.544907407407407,0.503703703703704,2.72,0.728210355996566,0.8896875,1.015,0.236377013988111
376,4,1,0,16.25125,0.667676663927691,0.665981922760887,16.21,2.99072194326646,0.88625,01.01,0.241804373076067
377,4,1,1,18.058125,0.80329737544484,0.733096085409253,16.48,5.85112034350632,0.4096875,0.46,0.323044832352535
378,4,1,2,5.6575,2.24503968253968,2.06746031746032,5.21,2.7256795542136,0,0,0
379,4,1,3,17.5346875,0.872372512437811,0.817164179104477,16.425,6.31663598933595,0.575625,0.74,0.473878557329591
380,4,1,4,17.5346875,0.872372512437811,0.817164179104477,16.425,6.31663598933595,0.575625,0.74,0.473878557329591
381,4,1,5,15.53625,0.863125,0.748055555555555,13.465,9.39984582920929,0.5190625,0.525,0.521995917515861
382,4,1,6,41.6184375,1.32122023809524,1.19031746031746,37.495,17.4021248441891,0.113125,0,0.191402927472809
383,4,1,7,44.4621875,1.41149801587302,1.40015873015873,44.105,9.45853113276666,0.001875,0,0.0078030184399496
384,4,1,8,25.63375,0.890060763888889,0.8078125,23.265,7.51742223749433,0.3628125,0.4,0.270700815387787
385,4,1,9,820.434375,32.5569196428571,6.68015873015873,168.34,1119.44403130257,0.025625,0,0.0860584010256801
386,4,1,10,41.56875,1.31964285714286,0.969206349206349,30.53,29.737433643094,0.215,0.075,0.244421634647735
387,4,1,11,172.5809375,5.99239366319444,5.62222222222222,161.92,76.3479486747003,0,0,0
388,4,1,12,8.575625,1.12099673202614,1.05228758169935,08.05,1.93033331151602,0.0778125,0,0.15896305870314
389,4,1,13,22.3096875,1.20854211809317,1.21343445287107,22.4,6.65305483284716,0.1165625,0,0.233384762957322
390,4,1,14,12.821875,1.42465277777778,1.16111111111111,10.45,8.11280526539332,0.0834375,0,0.15726717301992
391,4,1,15,32.2171875,1.62713068181818,1.5739898989899,31.165,6.85887098504675,0.0028125,0,0.0159099025766973
392,4,1,16,13.9471875,1.033125,0.764814814814815,10.325,10.3012593136752,0.3871875,0.49,0.332703824260286
393,4,1,17,12.4228125,1.3803125,1.20777777777778,10.87,5.38809095067464,0.0359375,0,0.0837376615851072
394,4,1,18,31.27625,2.67318376068376,2.42777777777778,28.405,15.428085982933,0.008125,0,0.0459619407771256
395,4,1,19,14.765,1.26196581196581,1.2991452991453,15.2,3.38167738489109,0.0646875,0,0.119865095540913
396,4,1,20,14.7265625,0.962520424836601,0.921895424836601,14.105,3.30078740300534,0.229375,0.165,0.239460920106109
397,4,1,21,16.151875,1.12165798611111,0.968402777777778,13.945,8.29492983014906,0.2621875,0.07,0.304448039689809
398,4,1,22,18.5459375,0.763207304526749,0.703703703703704,17.1,8.35955387734452,0.588125,0.615,0.364775118527531
399,4,1,23,43.7734375,3.03982204861111,0.726388888888889,10.46,162.055342809065,0.534375,0.57,0.400523347150829
400,4,1,24,3.020625,0.559375,0.538888888888889,2.91,0.971300881923725,0.845625,0.96,0.269119681974036
401,4,2,0,20.2928125,0.833722781429745,0.758833196384552,18.47,8.56804989081247,0.6625,0.73,0.371587700758298
402,4,2,1,19.0975,0.849532918149466,0.747998220640569,16.815,7.43624428271813,0.399375,0.435,0.312429992158243
403,4,2,2,5.2053125,2.0656001984127,2.07936507936508,5.24,1.3017035596702,0,0,0
404,4,2,3,17.9775,0.894402985074627,0.746268656716418,15,11.7560559548219,0.6715625,0.99,0.427506720377285
405,4,2,4,17.9775,0.894402985074627,0.746268656716418,15,11.7560559548219,0.6715625,0.99,0.427506720377285
406,4,2,5,17.1771875,0.954288194444444,0.753888888888889,13.57,11.0011545535956,0.5196875,0.515,0.52800589179875
407,4,2,6,87.2909375,2.77114087301587,2.30730158730159,72.68,47.464027761567,0.05625,0,0.163997442938366
408,4,2,7,43.66875,1.38630952380952,1.30126984126984,40.99,10.9457901024888,0.0134375,0,0.0390706039980724
409,4,2,8,37.7803125,1.31181640625,1.34670138888889,38.785,16.5611361002635,0.198125,0,0.319297995103977
410,4,2,9,275.1396875,10.9182415674603,2.91230158730159,73.39,468.520008561513,0.0534375,0,0.193400960317194
411,4,2,10,32.811875,1.04164682539683,0.955555555555555,30.1,8.85197278449382,0.1828125,0.095,0.2313248571082
412,4,2,11,202.769375,7.04060329861111,7.09270833333333,204.27,88.2855301386067,0,0,0
413,4,2,12,9.963125,1.30236928104575,1.27320261437908,9.74,2.14831582573344,0.0140625,0,0.0742645391434805
414,4,2,13,29.55875,1.6012323943662,1.3897616468039,25.655,12.5665718244617,0.02125,0,0.0633856603301083
415,4,2,14,11.849375,1.31659722222222,1.24222222222222,11.18,3.43657269017239,0.0475,0,0.116701991579877
416,4,2,15,49.819375,2.51613005050505,1.78333333333333,35.31,35.6550538369093,0,0,0
417,4,2,16,11.9409375,0.884513888888889,0.841111111111111,11.355,2.29394344134653,0.2965625,0.33,0.239550780864733
418,4,2,17,11.525625,1.280625,1.24277777777778,11.185,2.93384690488279,0.0171875,0,0.0639674501400466
419,4,2,18,31.9703125,2.73250534188034,1.95769230769231,22.905,23.0253504732354,0.003125,0,0.0176776695296637
420,4,2,19,17.206875,1.47067307692308,1.28119658119658,14.99,6.05100174991045,0.0225,0,0.0660400660400991
421,4,2,20,14.0715625,0.919709967320261,0.842483660130719,12.89,3.79179343844555,0.3175,0.325,0.279746428960459
422,4,2,21,12.241875,0.850130208333333,0.701041666666667,10.095,6.03596075015563,0.5534375,0.62,0.42718591083901
423,4,2,22,30.60625,1.25951646090535,0.845061728395062,20.535,25.6073036141468,0.3903125,0.325,0.404662219754667
424,4,2,23,10.265,0.712847222222222,0.619097222222222,8.915,3.70138247929939,0.63625,0.79,0.372885436008296
425,4,2,24,3.266875,0.604976851851852,0.525,2.835,1.25790003577391,0.81125,0.99,0.319109143023653
426,4,3,0,23.6709375,0.972511811832375,0.812243221035333,19.77,14.6259608693175,0.523125,0.57,0.36845306524756
427,4,3,1,18.7996875,0.83628503113879,0.768683274021352,17.28,7.32101283508311,0.3834375,0.395,0.304722077235698
428,4,3,2,5.17,2.0515873015873,2.04960317460317,5.165,1.05990261269,0,0,0
429,4,3,3,20.504375,1.02011815920398,0.893034825870647,17.95,10.2806080959533,0.4615625,0.43,0.452876892586396
430,4,3,4,20.504375,1.02011815920398,0.893034825870647,17.95,10.2806080959533,0.4615625,0.43,0.452876892586396
431,4,3,5,12.6990625,0.705503472222222,0.540277777777778,9.725,7.26342155193605,0.6259375,0.96,0.489626977006888
432,4,3,6,90.1478125,2.86183531746032,1.91714285714286,60.39,67.7383663495485,0.0146875,0,0.0579200993026238
433,4,3,7,44.4503125,1.41112103174603,1.41206349206349,44.48,10.9380768741879,0.0009375,0,0.00530330085889911
434,4,3,8,35.2740625,1.22479383680556,1.09861111111111,31.64,11.3066328975446,0.0990625,0,0.179863019114996
435,4,3,9,137.1290625,5.44162946428571,2.78253968253968,70.12,125.290815984495,0.050625,0,0.128060910406703
436,4,3,10,31.6990625,1.00631944444444,0.95,29.925,9.65157261442153,0.2475,0.105,0.282876925249674
437,4,3,11,122.12625,4.24049479166667,4.01371527777778,115.595,36.4449866236771,0,0,0
438,4,3,12,8.865625,1.15890522875817,1.18954248366013,9.1,1.8336389652379,0.0759375,0,0.193087968837205
439,4,3,13,25.5215625,1.38253317984832,1.19122426868906,21.99,10.279508620544,0.0878125,0,0.219452902949365
440,4,3,14,13.6975,1.52194444444444,1.18888888888889,10.7,18.082653602011,0.073125,0,0.15449057806118
441,4,3,15,36.8828125,1.86276830808081,1.64974747474747,32.665,12.5579853105697,0,0,0
442,4,3,16,13.961875,1.03421296296296,0.975555555555556,13.17,3.45166480402643,0.195,0.05,0.245554014818631
443,4,3,17,13.4390625,1.49322916666667,1.40777777777778,12.67,3.65180764728127,0.0109375,0,0.0550284017576378
444,4,3,18,126.6559375,10.8252938034188,1.78888888888889,20.93,566.901716496638,0.0075,0,0.0424264068711929
445,4,3,19,18.8934375,1.61482371794872,1.55555555555556,18.2,6.28818585530091,0.02,0,0.0980125074309561
446,4,3,20,15.0253125,0.982046568627451,0.96797385620915,14.81,2.79347740786028,0.180625,0.08,0.217269529357194
447,4,3,21,11.125,0.772569444444444,0.612152777777778,8.815,6.15270147852721,0.6184375,0.81,0.440044787859805
448,4,3,22,21.925,0.902263374485597,0.766049382716049,18.615,14.1865515598855,0.480625,0.49,0.370726727457858
449,4,3,23,13.9659375,0.969856770833333,0.940277777777778,13.54,3.97443593837236,0.2375,0.125,0.27645217751288
450,4,3,24,3.6715625,0.679918981481481,0.630555555555556,3.405,1.59281473190114,0.7340625,0.77,0.331777805310684
451,4,4,0,21.5334375,0.884693405916187,0.817789646672145,19.905,6.8824374945898,0.5009375,0.55,0.355594544163306
452,4,4,1,18.7375,0.833518683274021,0.674154804270463,15.155,9.15497573154409,0.44625,0.56,0.359486641144411
453,4,4,2,10.7096875,4.24987599206349,2.11706349206349,5.335,14.2554803235118,0,0,0
454,4,4,3,23.10625,1.14956467661692,0.82363184079602,16.555,20.9838922478878,0.568125,0.71,0.469642537365629
455,4,4,4,23.10625,1.14956467661692,0.82363184079602,16.555,20.9838922478878,0.568125,0.71,0.469642537365629
456,4,4,5,8.5678125,0.475989583333333,0.490833333333333,8.835,2.5210990107043,0.9546875,01.04,0.179730701328404
457,4,4,6,31.5803125,1.0025496031746,0.953492063492064,30.035,5.26620355656649,0.1390625,0.095,0.156542468214982
458,4,4,7,46.175,1.46587301587302,1.44920634920635,45.65,8.45092779789067,0.0021875,0,0.0123743686707646
459,4,4,8,32.956875,1.1443359375,1.08472222222222,31.24,10.6370200888674,0.1559375,0,0.228964842701993
460,4,4,9,210.3871875,8.34869791666667,1.76587301587302,44.5,311.399755290624,0.049375,0,0.113277777338319
461,4,4,10,32.386875,1.02815476190476,0.966666666666667,30.45,9.53694596327627,0.1884375,0.07,0.257370191208268
462,4,4,11,160.151875,5.56082899305556,4.50746527777778,129.815,67.3505861955714,0,0,0
463,4,4,12,10.5615625,1.38059640522876,1.29934640522876,9.94,2.75513843616239,0.039375,0,0.114326569598362
464,4,4,13,33.2003125,1.79850013542795,1.61890574214518,29.885,14.7361765698974,0.0034375,0,0.0194454364826301
465,4,4,14,10.8371875,1.20413194444444,1.09444444444444,9.85,3.12714157263827,0.078125,0,0.159321899756234
466,4,4,15,34.0871875,1.72157512626263,1.68131313131313,33.29,5.11582379729795,0,0,0
467,4,4,16,15.86,1.17481481481481,1.0737037037037,14.495,9.81282965339008,0.12875,0,0.228201241126364
468,4,4,17,16.294375,1.81048611111111,1.39444444444444,12.55,17.6034389854058,0.0134375,0,0.0495534494746704
469,4,4,18,354.5178125,30.3006677350427,1.85128205128205,21.66,1814.39222448079,0,0,0
470,4,4,19,19.4078125,1.65878739316239,1.56581196581197,18.32,8.58823754286885,0.03375,0,0.0963444760456775
471,4,4,20,14.884375,0.972834967320261,0.950653594771242,14.545,2.94824599304126,0.1971875,0.1,0.224790000566837
472,4,4,21,16.9575,1.17760416666667,1.07673611111111,15.505,6.96974151415915,0.226875,0,0.352305196687337
473,4,4,22,34.47875,1.41887860082305,1.10061728395062,26.745,28.5620387306581,0.23875,0,0.37067288422108
474,4,4,23,12.33625,0.856684027777778,0.819097222222222,11.795,2.56872222534235,0.3609375,0.38,0.233104702696781
475,4,4,24,4.15875,0.770138888888889,0.726851851851852,3.925,1.43143679229038,0.523125,0.57,0.427207266308869
476,4,5,0,21.2753125,0.874088434675431,0.800739523418242,19.49,9.07159124085345,0.5725,0.6,0.405000995618051
477,4,5,1,18.325625,0.815196841637011,0.727980427046263,16.365,8.77297754930703,0.4534375,0.47,0.347085648767916
478,4,5,2,5.175,2.05357142857143,2.04761904761905,5.16,1.20340377478272,0,0,0
479,4,5,3,23.6584375,1.17703669154229,0.978358208955224,19.665,14.3779304691813,0.4425,0.09,0.50361915974724
480,4,5,4,23.6584375,1.17703669154229,0.978358208955224,19.665,14.3779304691813,0.4425,0.09,0.50361915974724
481,4,5,5,52.3246875,2.90692708333333,1.65888888888889,29.86,41.7146119664572,0.00125,0,0.00707106781186548
482,4,5,6,41.98,1.33269841269841,0.847301587301587,26.69,74.0595964028622,0.3371875,0.32,0.282423091158203
483,4,5,7,47.2425,1.4997619047619,1.52777777777778,48.125,10.3224009460165,0.0053125,0,0.0300520382004283
484,4,5,8,31.61875,1.09787326388889,1.06059027777778,30.545,10.1458476330738,0.1640625,0,0.269478102228447
485,4,5,9,165.01625,6.54826388888889,2.57301587301587,64.84,148.353007270257,0,0,0
486,4,5,10,32.61125,1.03527777777778,0.935873015873016,29.48,16.4920140498168,0.3103125,0.135,0.367497942719719
487,4,5,11,152.401875,5.29173177083333,4.47100694444444,128.765,134.660802746645,0,0,0
488,4,5,12,9.1140625,1.19138071895425,1.21895424836601,9.325,2.1482744153645,0.0725,0,0.16062378404209
489,4,5,13,31.068125,1.68299702058505,1.52410617551463,28.135,11.3981267384233,0.03625,0,0.138348554674941
490,4,5,14,11.80625,1.31180555555556,1.015,9.135,6.39507913139268,0.079375,0,0.115589303556922
491,4,5,15,43.8115625,2.21270517676768,1.80479797979798,35.735,27.1770683824973,0,0,0
492,4,5,16,15.1934375,1.12543981481481,1.02851851851852,13.885,7.55039311489913,0.1390625,0,0.201420109432675
493,4,5,17,14.365,1.59611111111111,1.505,13.545,5.13242821234148,0.030625,0,0.0895485991677325
494,4,5,18,31.9309375,2.72913995726496,1.96837606837607,23.03,21.6600886662134,0.00125,0,0.00707106781186548
495,4,5,19,20.1234375,1.71995192307692,1.59188034188034,18.625,8.24111040489358,0.0228125,0,0.0724339242834238
496,4,5,20,14.43125,0.943218954248366,0.933006535947712,14.275,2.74079073826656,0.2175,0.14,0.249075710733543
497,4,5,21,13.89125,0.964670138888889,0.770486111111111,11.095,8.68683273139444,0.4628125,0.475,0.421006737935507
498,4,5,22,41.5821875,1.71120113168724,1.1798353909465,28.67,32.8794986358423,0.2621875,0,0.375557515675888
499,4,5,23,12.345,0.857291666666667,0.806944444444444,11.62,2.15686151917624,0.3375,0.4,0.246209981192294
500,4,5,24,4.095625,0.758449074074074,0.700925925925926,3.785,1.48713827263489,0.596875,0.62,0.247131119696773